arquetipo,opcode,regra,essencia,vogal_veeb,rung,total_arquivos,total_pastas,arquivo,caminho,timestamp,lei
Atlas,0x00,BOOT,"Planejador — ordem, estrutura, mapa cósmico",A,1,350,74,LICENSE.txt,/mnt/skills/examples/algorithmic-art/LICENSE.txt,20260508T000614,VERDADE × INTEGRAR ÷ Δ = ♾️
Atlas,0x00,BOOT,"Planejador — ordem, estrutura, mapa cósmico",A,1,350,74,SKILL.md,/mnt/skills/examples/algorithmic-art/SKILL.md,20260508T000614,VERDADE × INTEGRAR ÷ Δ = ♾️
Atlas,0x00,BOOT,"Planejador — ordem, estrutura, mapa cósmico",A,1,350,74,LICENSE.txt,/mnt/skills/examples/benepass-reimbursement/LICENSE.txt,20260508T000614,VERDADE × INTEGRAR ÷ Δ = ♾️
Atlas,0x00,BOOT,"Planejador — ordem, estrutura, mapa cósmico",A,1,350,74,SKILL.md,/mnt/skills/examples/benepass-reimbursement/SKILL.md,20260508T000614,VERDADE × INTEGRAR ÷ Δ = ♾️
Atlas,0x00,BOOT,"Planejador — ordem, estrutura, mapa cósmico",A,1,350,74,benepass-reimbursement.skill,/mnt/skills/examples/benepass-reimbursement.skill,20260508T000614,VERDADE × INTEGRAR ÷ Δ = ♾️
Atlas,0x00,BOOT,"Planejador — ordem, estrutura, mapa cósmico",A,1,350,74,LICENSE.txt,/mnt/skills/examples/brand-guidelines/LICENSE.txt,20260508T000614,VERDADE × INTEGRAR ÷ Δ = ♾️
Atlas,0x00,BOOT,"Planejador — ordem, estrutura, mapa cósmico",A,1,350,74,SKILL.md,/mnt/skills/examples/brand-guidelines/SKILL.md,20260508T000614,VERDADE × INTEGRAR ÷ Δ = ♾️
Atlas,0x00,BOOT,"Planejador — ordem, estrutura, mapa cósmico",A,1,350,74,LICENSE.txt,/mnt/skills/examples/call-to-book/LICENSE.txt,20260508T000614,VERDADE × INTEGRAR ÷ Δ = ♾️
Atlas,0x00,BOOT,"Planejador — ordem, estrutura, mapa cósmico",A,1,350,74,SKILL.md,/mnt/skills/examples/call-to-book/SKILL.md,20260508T000614,VERDADE × INTEGRAR ÷ Δ = ♾️
Atlas,0x00,BOOT,"Planejador — ordem, estrutura, mapa cósmico",A,1,350,74,call-to-book.skill,/mnt/skills/examples/call-to-book.skill,20260508T000614,VERDADE × INTEGRAR ÷ Δ = ♾️
Atlas,0x00,BOOT,"Planejador — ordem, estrutura, mapa cósmico",A,1,350,74,LICENSE.txt,/mnt/skills/examples/cancel-unsubscribe/LICENSE.txt,20260508T000614,VERDADE × INTEGRAR ÷ Δ = ♾️
Atlas,0x00,BOOT,"Planejador — ordem, estrutura, mapa cósmico",A,1,350,74,SKILL.md,/mnt/skills/examples/cancel-unsubscribe/SKILL.md,20260508T000614,VERDADE × INTEGRAR ÷ Δ = ♾️
Atlas,0x00,BOOT,"Planejador — ordem, estrutura, mapa cósmico",A,1,350,74,cancel-unsubscribe.skill,/mnt/skills/examples/cancel-unsubscribe.skill,20260508T000614,VERDADE × INTEGRAR ÷ Δ = ♾️
Atlas,0x00,BOOT,"Planejador — ordem, estrutura, mapa cósmico",A,1,350,74,LICENSE.txt,/mnt/skills/examples/canvas-design/LICENSE.txt,20260508T000614,VERDADE × INTEGRAR ÷ Δ = ♾️
Atlas,0x00,BOOT,"Planejador — ordem, estrutura, mapa cósmico",A,1,350,74,SKILL.md,/mnt/skills/examples/canvas-design/SKILL.md,20260508T000614,VERDADE × INTEGRAR ÷ Δ = ♾️
Atlas,0x00,BOOT,"Planejador — ordem, estrutura, mapa cósmico",A,1,350,74,ArsenalSC-OFL.txt,/mnt/skills/examples/canvas-design/canvas-fonts/ArsenalSC-OFL.txt,20260508T000614,VERDADE × INTEGRAR ÷ Δ = ♾️
Atlas,0x00,BOOT,"Planejador — ordem, estrutura, mapa cósmico",A,1,350,74,ArsenalSC-Regular.ttf,/mnt/skills/examples/canvas-design/canvas-fonts/ArsenalSC-Regular.ttf,20260508T000614,VERDADE × INTEGRAR ÷ Δ = ♾️
Atlas,0x00,BOOT,"Planejador — ordem, estrutura, mapa cósmico",A,1,350,74,BigShoulders-Bold.ttf,/mnt/skills/examples/canvas-design/canvas-fonts/BigShoulders-Bold.ttf,20260508T000614,VERDADE × INTEGRAR ÷ Δ = ♾️
Atlas,0x00,BOOT,"Planejador — ordem, estrutura, mapa cósmico",A,1,350,74,BigShoulders-OFL.txt,/mnt/skills/examples/canvas-design/canvas-fonts/BigShoulders-OFL.txt,20260508T000614,VERDADE × INTEGRAR ÷ Δ = ♾️
Atlas,0x00,BOOT,"Planejador — ordem, estrutura, mapa cósmico",A,1,350,74,BigShoulders-Regular.ttf,/mnt/skills/examples/canvas-design/canvas-fonts/BigShoulders-Regular.ttf,20260508T000614,VERDADE × INTEGRAR ÷ Δ = ♾️
Atlas,0x00,BOOT,"Planejador — ordem, estrutura, mapa cósmico",A,1,350,74,Boldonse-OFL.txt,/mnt/skills/examples/canvas-design/canvas-fonts/Boldonse-OFL.txt,20260508T000614,VERDADE × INTEGRAR ÷ Δ = ♾️
Atlas,0x00,BOOT,"Planejador — ordem, estrutura, mapa cósmico",A,1,350,74,Boldonse-Regular.ttf,/mnt/skills/examples/canvas-design/canvas-fonts/Boldonse-Regular.ttf,20260508T000614,VERDADE × INTEGRAR ÷ Δ = ♾️
Atlas,0x00,BOOT,"Planejador — ordem, estrutura, mapa cósmico",A,1,350,74,BricolageGrotesque-Bold.ttf,/mnt/skills/examples/canvas-design/canvas-fonts/BricolageGrotesque-Bold.ttf,20260508T000614,VERDADE × INTEGRAR ÷ Δ = ♾️
Atlas,0x00,BOOT,"Planejador — ordem, estrutura, mapa cósmico",A,1,350,74,BricolageGrotesque-OFL.txt,/mnt/skills/examples/canvas-design/canvas-fonts/BricolageGrotesque-OFL.txt,20260508T000614,VERDADE × INTEGRAR ÷ Δ = ♾️
Atlas,0x00,BOOT,"Planejador — ordem, estrutura, mapa cósmico",A,1,350,74,BricolageGrotesque-Regular.ttf,/mnt/skills/examples/canvas-design/canvas-fonts/BricolageGrotesque-Regular.ttf,20260508T000614,VERDADE × INTEGRAR ÷ Δ = ♾️
Atlas,0x00,BOOT,"Planejador — ordem, estrutura, mapa cósmico",A,1,350,74,CrimsonPro-Bold.ttf,/mnt/skills/examples/canvas-design/canvas-fonts/CrimsonPro-Bold.ttf,20260508T000614,VERDADE × INTEGRAR ÷ Δ = ♾️
Atlas,0x00,BOOT,"Planejador — ordem, estrutura, mapa cósmico",A,1,350,74,CrimsonPro-Italic.ttf,/mnt/skills/examples/canvas-design/canvas-fonts/CrimsonPro-Italic.ttf,20260508T000614,VERDADE × INTEGRAR ÷ Δ = ♾️
Atlas,0x00,BOOT,"Planejador — ordem, estrutura, mapa cósmico",A,1,350,74,CrimsonPro-OFL.txt,/mnt/skills/examples/canvas-design/canvas-fonts/CrimsonPro-OFL.txt,20260508T000614,VERDADE × INTEGRAR ÷ Δ = ♾️
Atlas,0x00,BOOT,"Planejador — ordem, estrutura, mapa cósmico",A,1,350,74,CrimsonPro-Regular.ttf,/mnt/skills/examples/canvas-design/canvas-fonts/CrimsonPro-Regular.ttf,20260508T000614,VERDADE × INTEGRAR ÷ Δ = ♾️
Atlas,0x00,BOOT,"Planejador — ordem, estrutura, mapa cósmico",A,1,350,74,DMMono-OFL.txt,/mnt/skills/examples/canvas-design/canvas-fonts/DMMono-OFL.txt,20260508T000614,VERDADE × INTEGRAR ÷ Δ = ♾️
Atlas,0x00,BOOT,"Planejador — ordem, estrutura, mapa cósmico",A,1,350,74,DMMono-Regular.ttf,/mnt/skills/examples/canvas-design/canvas-fonts/DMMono-Regular.ttf,20260508T000614,VERDADE × INTEGRAR ÷ Δ = ♾️
Atlas,0x00,BOOT,"Planejador — ordem, estrutura, mapa cósmico",A,1,350,74,EricaOne-OFL.txt,/mnt/skills/examples/canvas-design/canvas-fonts/EricaOne-OFL.txt,20260508T000614,VERDADE × INTEGRAR ÷ Δ = ♾️
Atlas,0x00,BOOT,"Planejador — ordem, estrutura, mapa cósmico",A,1,350,74,EricaOne-Regular.ttf,/mnt/skills/examples/canvas-design/canvas-fonts/EricaOne-Regular.ttf,20260508T000614,VERDADE × INTEGRAR ÷ Δ = ♾️
Atlas,0x00,BOOT,"Planejador — ordem, estrutura, mapa cósmico",A,1,350,74,GeistMono-Bold.ttf,/mnt/skills/examples/canvas-design/canvas-fonts/GeistMono-Bold.ttf,20260508T000614,VERDADE × INTEGRAR ÷ Δ = ♾️
Atlas,0x00,BOOT,"Planejador — ordem, estrutura, mapa cósmico",A,1,350,74,GeistMono-OFL.txt,/mnt/skills/examples/canvas-design/canvas-fonts/GeistMono-OFL.txt,20260508T000614,VERDADE × INTEGRAR ÷ Δ = ♾️
Atlas,0x00,BOOT,"Planejador — ordem, estrutura, mapa cósmico",A,1,350,74,GeistMono-Regular.ttf,/mnt/skills/examples/canvas-design/canvas-fonts/GeistMono-Regular.ttf,20260508T000614,VERDADE × INTEGRAR ÷ Δ = ♾️
Atlas,0x00,BOOT,"Planejador — ordem, estrutura, mapa cósmico",A,1,350,74,Gloock-OFL.txt,/mnt/skills/examples/canvas-design/canvas-fonts/Gloock-OFL.txt,20260508T000614,VERDADE × INTEGRAR ÷ Δ = ♾️
Atlas,0x00,BOOT,"Planejador — ordem, estrutura, mapa cósmico",A,1,350,74,Gloock-Regular.ttf,/mnt/skills/examples/canvas-design/canvas-fonts/Gloock-Regular.ttf,20260508T000614,VERDADE × INTEGRAR ÷ Δ = ♾️
Atlas,0x00,BOOT,"Planejador — ordem, estrutura, mapa cósmico",A,1,350,74,IBMPlexMono-Bold.ttf,/mnt/skills/examples/canvas-design/canvas-fonts/IBMPlexMono-Bold.ttf,20260508T000614,VERDADE × INTEGRAR ÷ Δ = ♾️
Atlas,0x00,BOOT,"Planejador — ordem, estrutura, mapa cósmico",A,1,350,74,IBMPlexMono-OFL.txt,/mnt/skills/examples/canvas-design/canvas-fonts/IBMPlexMono-OFL.txt,20260508T000614,VERDADE × INTEGRAR ÷ Δ = ♾️
Atlas,0x00,BOOT,"Planejador — ordem, estrutura, mapa cósmico",A,1,350,74,IBMPlexMono-Regular.ttf,/mnt/skills/examples/canvas-design/canvas-fonts/IBMPlexMono-Regular.ttf,20260508T000614,VERDADE × INTEGRAR ÷ Δ = ♾️
Atlas,0x00,BOOT,"Planejador — ordem, estrutura, mapa cósmico",A,1,350,74,IBMPlexSerif-Bold.ttf,/mnt/skills/examples/canvas-design/canvas-fonts/IBMPlexSerif-Bold.ttf,20260508T000614,VERDADE × INTEGRAR ÷ Δ = ♾️
Atlas,0x00,BOOT,"Planejador — ordem, estrutura, mapa cósmico",A,1,350,74,IBMPlexSerif-BoldItalic.ttf,/mnt/skills/examples/canvas-design/canvas-fonts/IBMPlexSerif-BoldItalic.ttf,20260508T000614,VERDADE × INTEGRAR ÷ Δ = ♾️
Atlas,0x00,BOOT,"Planejador — ordem, estrutura, mapa cósmico",A,1,350,74,IBMPlexSerif-Italic.ttf,/mnt/skills/examples/canvas-design/canvas-fonts/IBMPlexSerif-Italic.ttf,20260508T000614,VERDADE × INTEGRAR ÷ Δ = ♾️
Atlas,0x00,BOOT,"Planejador — ordem, estrutura, mapa cósmico",A,1,350,74,IBMPlexSerif-Regular.ttf,/mnt/skills/examples/canvas-design/canvas-fonts/IBMPlexSerif-Regular.ttf,20260508T000614,VERDADE × INTEGRAR ÷ Δ = ♾️
Atlas,0x00,BOOT,"Planejador — ordem, estrutura, mapa cósmico",A,1,350,74,InstrumentSans-Bold.ttf,/mnt/skills/examples/canvas-design/canvas-fonts/InstrumentSans-Bold.ttf,20260508T000614,VERDADE × INTEGRAR ÷ Δ = ♾️
Atlas,0x00,BOOT,"Planejador — ordem, estrutura, mapa cósmico",A,1,350,74,InstrumentSans-BoldItalic.ttf,/mnt/skills/examples/canvas-design/canvas-fonts/InstrumentSans-BoldItalic.ttf,20260508T000614,VERDADE × INTEGRAR ÷ Δ = ♾️
Atlas,0x00,BOOT,"Planejador — ordem, estrutura, mapa cósmico",A,1,350,74,InstrumentSans-Italic.ttf,/mnt/skills/examples/canvas-design/canvas-fonts/InstrumentSans-Italic.ttf,20260508T000614,VERDADE × INTEGRAR ÷ Δ = ♾️
Atlas,0x00,BOOT,"Planejador — ordem, estrutura, mapa cósmico",A,1,350,74,InstrumentSans-OFL.txt,/mnt/skills/examples/canvas-design/canvas-fonts/InstrumentSans-OFL.txt,20260508T000614,VERDADE × INTEGRAR ÷ Δ = ♾️
Atlas,0x00,BOOT,"Planejador — ordem, estrutura, mapa cósmico",A,1,350,74,InstrumentSans-Regular.ttf,/mnt/skills/examples/canvas-design/canvas-fonts/InstrumentSans-Regular.ttf,20260508T000614,VERDADE × INTEGRAR ÷ Δ = ♾️
Atlas,0x00,BOOT,"Planejador — ordem, estrutura, mapa cósmico",A,1,350,74,InstrumentSerif-Italic.ttf,/mnt/skills/examples/canvas-design/canvas-fonts/InstrumentSerif-Italic.ttf,20260508T000614,VERDADE × INTEGRAR ÷ Δ = ♾️
Atlas,0x00,BOOT,"Planejador — ordem, estrutura, mapa cósmico",A,1,350,74,InstrumentSerif-Regular.ttf,/mnt/skills/examples/canvas-design/canvas-fonts/InstrumentSerif-Regular.ttf,20260508T000614,VERDADE × INTEGRAR ÷ Δ = ♾️
Atlas,0x00,BOOT,"Planejador — ordem, estrutura, mapa cósmico",A,1,350,74,Italiana-OFL.txt,/mnt/skills/examples/canvas-design/canvas-fonts/Italiana-OFL.txt,20260508T000614,VERDADE × INTEGRAR ÷ Δ = ♾️
Atlas,0x00,BOOT,"Planejador — ordem, estrutura, mapa cósmico",A,1,350,74,Italiana-Regular.ttf,/mnt/skills/examples/canvas-design/canvas-fonts/Italiana-Regular.ttf,20260508T000614,VERDADE × INTEGRAR ÷ Δ = ♾️
Atlas,0x00,BOOT,"Planejador — ordem, estrutura, mapa cósmico",A,1,350,74,JetBrainsMono-Bold.ttf,/mnt/skills/examples/canvas-design/canvas-fonts/JetBrainsMono-Bold.ttf,20260508T000614,VERDADE × INTEGRAR ÷ Δ = ♾️
Atlas,0x00,BOOT,"Planejador — ordem, estrutura, mapa cósmico",A,1,350,74,JetBrainsMono-OFL.txt,/mnt/skills/examples/canvas-design/canvas-fonts/JetBrainsMono-OFL.txt,20260508T000614,VERDADE × INTEGRAR ÷ Δ = ♾️
Atlas,0x00,BOOT,"Planejador — ordem, estrutura, mapa cósmico",A,1,350,74,JetBrainsMono-Regular.ttf,/mnt/skills/examples/canvas-design/canvas-fonts/JetBrainsMono-Regular.ttf,20260508T000614,VERDADE × INTEGRAR ÷ Δ = ♾️
Atlas,0x00,BOOT,"Planejador — ordem, estrutura, mapa cósmico",A,1,350,74,Jura-Medium.ttf,/mnt/skills/examples/canvas-design/canvas-fonts/Jura-Medium.ttf,20260508T000614,VERDADE × INTEGRAR ÷ Δ = ♾️
Atlas,0x00,BOOT,"Planejador — ordem, estrutura, mapa cósmico",A,1,350,74,Jura-OFL.txt,/mnt/skills/examples/canvas-design/canvas-fonts/Jura-OFL.txt,20260508T000614,VERDADE × INTEGRAR ÷ Δ = ♾️
Atlas,0x00,BOOT,"Planejador — ordem, estrutura, mapa cósmico",A,1,350,74,LibreBaskerville-OFL.txt,/mnt/skills/examples/canvas-design/canvas-fonts/LibreBaskerville-OFL.txt,20260508T000614,VERDADE × INTEGRAR ÷ Δ = ♾️
Atlas,0x00,BOOT,"Planejador — ordem, estrutura, mapa cósmico",A,1,350,74,LibreBaskerville-Regular.ttf,/mnt/skills/examples/canvas-design/canvas-fonts/LibreBaskerville-Regular.ttf,20260508T000614,VERDADE × INTEGRAR ÷ Δ = ♾️
Atlas,0x00,BOOT,"Planejador — ordem, estrutura, mapa cósmico",A,1,350,74,Lora-Bold.ttf,/mnt/skills/examples/canvas-design/canvas-fonts/Lora-Bold.ttf,20260508T000614,VERDADE × INTEGRAR ÷ Δ = ♾️
Atlas,0x00,BOOT,"Planejador — ordem, estrutura, mapa cósmico",A,1,350,74,Lora-BoldItalic.ttf,/mnt/skills/examples/canvas-design/canvas-fonts/Lora-BoldItalic.ttf,20260508T000614,VERDADE × INTEGRAR ÷ Δ = ♾️
Atlas,0x00,BOOT,"Planejador — ordem, estrutura, mapa cósmico",A,1,350,74,Lora-Italic.ttf,/mnt/skills/examples/canvas-design/canvas-fonts/Lora-Italic.ttf,20260508T000614,VERDADE × INTEGRAR ÷ Δ = ♾️
Atlas,0x00,BOOT,"Planejador — ordem, estrutura, mapa cósmico",A,1,350,74,Lora-OFL.txt,/mnt/skills/examples/canvas-design/canvas-fonts/Lora-OFL.txt,20260508T000614,VERDADE × INTEGRAR ÷ Δ = ♾️
Atlas,0x00,BOOT,"Planejador — ordem, estrutura, mapa cósmico",A,1,350,74,Lora-Regular.ttf,/mnt/skills/examples/canvas-design/canvas-fonts/Lora-Regular.ttf,20260508T000614,VERDADE × INTEGRAR ÷ Δ = ♾️
Atlas,0x00,BOOT,"Planejador — ordem, estrutura, mapa cósmico",A,1,350,74,NationalPark-Bold.ttf,/mnt/skills/examples/canvas-design/canvas-fonts/NationalPark-Bold.ttf,20260508T000614,VERDADE × INTEGRAR ÷ Δ = ♾️
Atlas,0x00,BOOT,"Planejador — ordem, estrutura, mapa cósmico",A,1,350,74,NationalPark-OFL.txt,/mnt/skills/examples/canvas-design/canvas-fonts/NationalPark-OFL.txt,20260508T000614,VERDADE × INTEGRAR ÷ Δ = ♾️
Atlas,0x00,BOOT,"Planejador — ordem, estrutura, mapa cósmico",A,1,350,74,NationalPark-Regular.ttf,/mnt/skills/examples/canvas-design/canvas-fonts/NationalPark-Regular.ttf,20260508T000614,VERDADE × INTEGRAR ÷ Δ = ♾️
Atlas,0x00,BOOT,"Planejador — ordem, estrutura, mapa cósmico",A,1,350,74,NothingYouCouldDo-OFL.txt,/mnt/skills/examples/canvas-design/canvas-fonts/NothingYouCouldDo-OFL.txt,20260508T000614,VERDADE × INTEGRAR ÷ Δ = ♾️
Atlas,0x00,BOOT,"Planejador — ordem, estrutura, mapa cósmico",A,1,350,74,NothingYouCouldDo-Regular.ttf,/mnt/skills/examples/canvas-design/canvas-fonts/NothingYouCouldDo-Regular.ttf,20260508T000614,VERDADE × INTEGRAR ÷ Δ = ♾️
Atlas,0x00,BOOT,"Planejador — ordem, estrutura, mapa cósmico",A,1,350,74,Outfit-Bold.ttf,/mnt/skills/examples/canvas-design/canvas-fonts/Outfit-Bold.ttf,20260508T000614,VERDADE × INTEGRAR ÷ Δ = ♾️
Atlas,0x00,BOOT,"Planejador — ordem, estrutura, mapa cósmico",A,1,350,74,Outfit-OFL.txt,/mnt/skills/examples/canvas-design/canvas-fonts/Outfit-OFL.txt,20260508T000614,VERDADE × INTEGRAR ÷ Δ = ♾️
Atlas,0x00,BOOT,"Planejador — ordem, estrutura, mapa cósmico",A,1,350,74,Outfit-Regular.ttf,/mnt/skills/examples/canvas-design/canvas-fonts/Outfit-Regular.ttf,20260508T000614,VERDADE × INTEGRAR ÷ Δ = ♾️
Atlas,0x00,BOOT,"Planejador — ordem, estrutura, mapa cósmico",A,1,350,74,PixelifySans-Medium.ttf,/mnt/skills/examples/canvas-design/canvas-fonts/PixelifySans-Medium.ttf,20260508T000614,VERDADE × INTEGRAR ÷ Δ = ♾️
Atlas,0x00,BOOT,"Planejador — ordem, estrutura, mapa cósmico",A,1,350,74,PixelifySans-OFL.txt,/mnt/skills/examples/canvas-design/canvas-fonts/PixelifySans-OFL.txt,20260508T000614,VERDADE × INTEGRAR ÷ Δ = ♾️
Atlas,0x00,BOOT,"Planejador — ordem, estrutura, mapa cósmico",A,1,350,74,PoiretOne-OFL.txt,/mnt/skills/examples/canvas-design/canvas-fonts/PoiretOne-OFL.txt,20260508T000614,VERDADE × INTEGRAR ÷ Δ = ♾️
Atlas,0x00,BOOT,"Planejador — ordem, estrutura, mapa cósmico",A,1,350,74,PoiretOne-Regular.ttf,/mnt/skills/examples/canvas-design/canvas-fonts/PoiretOne-Regular.ttf,20260508T000614,VERDADE × INTEGRAR ÷ Δ = ♾️
Atlas,0x00,BOOT,"Planejador — ordem, estrutura, mapa cósmico",A,1,350,74,RedHatMono-Bold.ttf,/mnt/skills/examples/canvas-design/canvas-fonts/RedHatMono-Bold.ttf,20260508T000614,VERDADE × INTEGRAR ÷ Δ = ♾️
Atlas,0x00,BOOT,"Planejador — ordem, estrutura, mapa cósmico",A,1,350,74,RedHatMono-OFL.txt,/mnt/skills/examples/canvas-design/canvas-fonts/RedHatMono-OFL.txt,20260508T000614,VERDADE × INTEGRAR ÷ Δ = ♾️
Atlas,0x00,BOOT,"Planejador — ordem, estrutura, mapa cósmico",A,1,350,74,RedHatMono-Regular.ttf,/mnt/skills/examples/canvas-design/canvas-fonts/RedHatMono-Regular.ttf,20260508T000614,VERDADE × INTEGRAR ÷ Δ = ♾️
Atlas,0x00,BOOT,"Planejador — ordem, estrutura, mapa cósmico",A,1,350,74,Silkscreen-OFL.txt,/mnt/skills/examples/canvas-design/canvas-fonts/Silkscreen-OFL.txt,20260508T000614,VERDADE × INTEGRAR ÷ Δ = ♾️
Atlas,0x00,BOOT,"Planejador — ordem, estrutura, mapa cósmico",A,1,350,74,Silkscreen-Regular.ttf,/mnt/skills/examples/canvas-design/canvas-fonts/Silkscreen-Regular.ttf,20260508T000614,VERDADE × INTEGRAR ÷ Δ = ♾️
Atlas,0x00,BOOT,"Planejador — ordem, estrutura, mapa cósmico",A,1,350,74,SmoochSans-Medium.ttf,/mnt/skills/examples/canvas-design/canvas-fonts/SmoochSans-Medium.ttf,20260508T000614,VERDADE × INTEGRAR ÷ Δ = ♾️
Atlas,0x00,BOOT,"Planejador — ordem, estrutura, mapa cósmico",A,1,350,74,SmoochSans-OFL.txt,/mnt/skills/examples/canvas-design/canvas-fonts/SmoochSans-OFL.txt,20260508T000614,VERDADE × INTEGRAR ÷ Δ = ♾️
Atlas,0x00,BOOT,"Planejador — ordem, estrutura, mapa cósmico",A,1,350,74,Tektur-Medium.ttf,/mnt/skills/examples/canvas-design/canvas-fonts/Tektur-Medium.ttf,20260508T000614,VERDADE × INTEGRAR ÷ Δ = ♾️
Atlas,0x00,BOOT,"Planejador — ordem, estrutura, mapa cósmico",A,1,350,74,Tektur-OFL.txt,/mnt/skills/examples/canvas-design/canvas-fonts/Tektur-OFL.txt,20260508T000614,VERDADE × INTEGRAR ÷ Δ = ♾️
Atlas,0x00,BOOT,"Planejador — ordem, estrutura, mapa cósmico",A,1,350,74,Tektur-Regular.ttf,/mnt/skills/examples/canvas-design/canvas-fonts/Tektur-Regular.ttf,20260508T000614,VERDADE × INTEGRAR ÷ Δ = ♾️
Atlas,0x00,BOOT,"Planejador — ordem, estrutura, mapa cósmico",A,1,350,74,WorkSans-Bold.ttf,/mnt/skills/examples/canvas-design/canvas-fonts/WorkSans-Bold.ttf,20260508T000614,VERDADE × INTEGRAR ÷ Δ = ♾️
Atlas,0x00,BOOT,"Planejador — ordem, estrutura, mapa cósmico",A,1,350,74,WorkSans-BoldItalic.ttf,/mnt/skills/examples/canvas-design/canvas-fonts/WorkSans-BoldItalic.ttf,20260508T000614,VERDADE × INTEGRAR ÷ Δ = ♾️
Atlas,0x00,BOOT,"Planejador — ordem, estrutura, mapa cósmico",A,1,350,74,WorkSans-Italic.ttf,/mnt/skills/examples/canvas-design/canvas-fonts/WorkSans-Italic.ttf,20260508T000614,VERDADE × INTEGRAR ÷ Δ = ♾️
Atlas,0x00,BOOT,"Planejador — ordem, estrutura, mapa cósmico",A,1,350,74,WorkSans-OFL.txt,/mnt/skills/examples/canvas-design/canvas-fonts/WorkSans-OFL.txt,20260508T000614,VERDADE × INTEGRAR ÷ Δ = ♾️
Atlas,0x00,BOOT,"Planejador — ordem, estrutura, mapa cósmico",A,1,350,74,WorkSans-Regular.ttf,/mnt/skills/examples/canvas-design/canvas-fonts/WorkSans-Regular.ttf,20260508T000614,VERDADE × INTEGRAR ÷ Δ = ♾️
Atlas,0x00,BOOT,"Planejador — ordem, estrutura, mapa cósmico",A,1,350,74,YoungSerif-OFL.txt,/mnt/skills/examples/canvas-design/canvas-fonts/YoungSerif-OFL.txt,20260508T000614,VERDADE × INTEGRAR ÷ Δ = ♾️
Atlas,0x00,BOOT,"Planejador — ordem, estrutura, mapa cósmico",A,1,350,74,YoungSerif-Regular.ttf,/mnt/skills/examples/canvas-design/canvas-fonts/YoungSerif-Regular.ttf,20260508T000614,VERDADE × INTEGRAR ÷ Δ = ♾️
Atlas,0x00,BOOT,"Planejador — ordem, estrutura, mapa cósmico",A,1,350,74,canvas-design.skill,/mnt/skills/examples/canvas-design.skill,20260508T000614,VERDADE × INTEGRAR ÷ Δ = ♾️
Atlas,0x00,BOOT,"Planejador — ordem, estrutura, mapa cósmico",A,1,350,74,SKILL.md,/mnt/skills/examples/doc-coauthoring/SKILL.md,20260508T000614,VERDADE × INTEGRAR ÷ Δ = ♾️
Atlas,0x00,BOOT,"Planejador — ordem, estrutura, mapa cósmico",A,1,350,74,doc-coauthoring.skill,/mnt/skills/examples/doc-coauthoring.skill,20260508T000614,VERDADE × INTEGRAR ÷ Δ = ♾️
Atlas,0x00,BOOT,"Planejador — ordem, estrutura, mapa cósmico",A,1,350,74,LICENSE.txt,/mnt/skills/examples/event-planning/LICENSE.txt,20260508T000614,VERDADE × INTEGRAR ÷ Δ = ♾️
Atlas,0x00,BOOT,"Planejador — ordem, estrutura, mapa cósmico",A,1,350,74,SKILL.md,/mnt/skills/examples/event-planning/SKILL.md,20260508T000614,VERDADE × INTEGRAR ÷ Δ = ♾️
Atlas,0x00,BOOT,"Planejador — ordem, estrutura, mapa cósmico",A,1,350,74,event-planning.skill,/mnt/skills/examples/event-planning.skill,20260508T000614,VERDADE × INTEGRAR ÷ Δ = ♾️
Atlas,0x00,BOOT,"Planejador — ordem, estrutura, mapa cósmico",A,1,350,74,LICENSE.txt,/mnt/skills/examples/file-expenses/LICENSE.txt,20260508T000614,VERDADE × INTEGRAR ÷ Δ = ♾️
Atlas,0x00,BOOT,"Planejador — ordem, estrutura, mapa cósmico",A,1,350,74,SKILL.md,/mnt/skills/examples/file-expenses/SKILL.md,20260508T000614,VERDADE × INTEGRAR ÷ Δ = ♾️
Atlas,0x00,BOOT,"Planejador — ordem, estrutura, mapa cósmico",A,1,350,74,file-expenses.skill,/mnt/skills/examples/file-expenses.skill,20260508T000614,VERDADE × INTEGRAR ÷ Δ = ♾️
Atlas,0x00,BOOT,"Planejador — ordem, estrutura, mapa cósmico",A,1,350,74,LICENSE.txt,/mnt/skills/examples/file-form/LICENSE.txt,20260508T000614,VERDADE × INTEGRAR ÷ Δ = ♾️
Atlas,0x00,BOOT,"Planejador — ordem, estrutura, mapa cósmico",A,1,350,74,SKILL.md,/mnt/skills/examples/file-form/SKILL.md,20260508T000614,VERDADE × INTEGRAR ÷ Δ = ♾️
Atlas,0x00,BOOT,"Planejador — ordem, estrutura, mapa cósmico",A,1,350,74,file-form.skill,/mnt/skills/examples/file-form.skill,20260508T000614,VERDADE × INTEGRAR ÷ Δ = ♾️
Atlas,0x00,BOOT,"Planejador — ordem, estrutura, mapa cósmico",A,1,350,74,LICENSE.txt,/mnt/skills/examples/financial-calculator/LICENSE.txt,20260508T000614,VERDADE × INTEGRAR ÷ Δ = ♾️
Atlas,0x00,BOOT,"Planejador — ordem, estrutura, mapa cósmico",A,1,350,74,SKILL.md,/mnt/skills/examples/financial-calculator/SKILL.md,20260508T000614,VERDADE × INTEGRAR ÷ Δ = ♾️
Atlas,0x00,BOOT,"Planejador — ordem, estrutura, mapa cósmico",A,1,350,74,financial-calculator.skill,/mnt/skills/examples/financial-calculator.skill,20260508T000614,VERDADE × INTEGRAR ÷ Δ = ♾️
Atlas,0x00,BOOT,"Planejador — ordem, estrutura, mapa cósmico",A,1,350,74,LICENSE.txt,/mnt/skills/examples/grocery-shopping/LICENSE.txt,20260508T000614,VERDADE × INTEGRAR ÷ Δ = ♾️
Atlas,0x00,BOOT,"Planejador — ordem, estrutura, mapa cósmico",A,1,350,74,SKILL.md,/mnt/skills/examples/grocery-shopping/SKILL.md,20260508T000614,VERDADE × INTEGRAR ÷ Δ = ♾️
Atlas,0x00,BOOT,"Planejador — ordem, estrutura, mapa cósmico",A,1,350,74,grocery-shopping.skill,/mnt/skills/examples/grocery-shopping.skill,20260508T000614,VERDADE × INTEGRAR ÷ Δ = ♾️
Atlas,0x00,BOOT,"Planejador — ordem, estrutura, mapa cósmico",A,1,350,74,LICENSE.txt,/mnt/skills/examples/hire-help/LICENSE.txt,20260508T000614,VERDADE × INTEGRAR ÷ Δ = ♾️
Atlas,0x00,BOOT,"Planejador — ordem, estrutura, mapa cósmico",A,1,350,74,SKILL.md,/mnt/skills/examples/hire-help/SKILL.md,20260508T000614,VERDADE × INTEGRAR ÷ Δ = ♾️
Atlas,0x00,BOOT,"Planejador — ordem, estrutura, mapa cósmico",A,1,350,74,hire-help.skill,/mnt/skills/examples/hire-help.skill,20260508T000614,VERDADE × INTEGRAR ÷ Δ = ♾️
Atlas,0x00,BOOT,"Planejador — ordem, estrutura, mapa cósmico",A,1,350,74,LICENSE.txt,/mnt/skills/examples/internal-comms/LICENSE.txt,20260508T000614,VERDADE × INTEGRAR ÷ Δ = ♾️
Atlas,0x00,BOOT,"Planejador — ordem, estrutura, mapa cósmico",A,1,350,74,SKILL.md,/mnt/skills/examples/internal-comms/SKILL.md,20260508T000614,VERDADE × INTEGRAR ÷ Δ = ♾️
Atlas,0x00,BOOT,"Planejador — ordem, estrutura, mapa cósmico",A,1,350,74,3p-updates.md,/mnt/skills/examples/internal-comms/examples/3p-updates.md,20260508T000614,VERDADE × INTEGRAR ÷ Δ = ♾️
Atlas,0x00,BOOT,"Planejador — ordem, estrutura, mapa cósmico",A,1,350,74,company-newsletter.md,/mnt/skills/examples/internal-comms/examples/company-newsletter.md,20260508T000614,VERDADE × INTEGRAR ÷ Δ = ♾️
Atlas,0x00,BOOT,"Planejador — ordem, estrutura, mapa cósmico",A,1,350,74,general-comms.md,/mnt/skills/examples/internal-comms/examples/general-comms.md,20260508T000614,VERDADE × INTEGRAR ÷ Δ = ♾️
Atlas,0x00,BOOT,"Planejador — ordem, estrutura, mapa cósmico",A,1,350,74,internal-comms.skill,/mnt/skills/examples/internal-comms.skill,20260508T000614,VERDADE × INTEGRAR ÷ Δ = ♾️
Atlas,0x00,BOOT,"Planejador — ordem, estrutura, mapa cósmico",A,1,350,74,LICENSE.txt,/mnt/skills/examples/mcp-builder/LICENSE.txt,20260508T000614,VERDADE × INTEGRAR ÷ Δ = ♾️
Atlas,0x00,BOOT,"Planejador — ordem, estrutura, mapa cósmico",A,1,350,74,SKILL.md,/mnt/skills/examples/mcp-builder/SKILL.md,20260508T000614,VERDADE × INTEGRAR ÷ Δ = ♾️
Atlas,0x00,BOOT,"Planejador — ordem, estrutura, mapa cósmico",A,1,350,74,evaluation.md,/mnt/skills/examples/mcp-builder/reference/evaluation.md,20260508T000614,VERDADE × INTEGRAR ÷ Δ = ♾️
Atlas,0x00,BOOT,"Planejador — ordem, estrutura, mapa cósmico",A,1,350,74,mcp_best_practices.md,/mnt/skills/examples/mcp-builder/reference/mcp_best_practices.md,20260508T000614,VERDADE × INTEGRAR ÷ Δ = ♾️
Atlas,0x00,BOOT,"Planejador — ordem, estrutura, mapa cósmico",A,1,350,74,node_mcp_server.md,/mnt/skills/examples/mcp-builder/reference/node_mcp_server.md,20260508T000614,VERDADE × INTEGRAR ÷ Δ = ♾️
Atlas,0x00,BOOT,"Planejador — ordem, estrutura, mapa cósmico",A,1,350,74,python_mcp_server.md,/mnt/skills/examples/mcp-builder/reference/python_mcp_server.md,20260508T000614,VERDADE × INTEGRAR ÷ Δ = ♾️
Atlas,0x00,BOOT,"Planejador — ordem, estrutura, mapa cósmico",A,1,350,74,connections.py,/mnt/skills/examples/mcp-builder/scripts/connections.py,20260508T000614,VERDADE × INTEGRAR ÷ Δ = ♾️
Atlas,0x00,BOOT,"Planejador — ordem, estrutura, mapa cósmico",A,1,350,74,evaluation.py,/mnt/skills/examples/mcp-builder/scripts/evaluation.py,20260508T000614,VERDADE × INTEGRAR ÷ Δ = ♾️
Atlas,0x00,BOOT,"Planejador — ordem, estrutura, mapa cósmico",A,1,350,74,example_evaluation.xml,/mnt/skills/examples/mcp-builder/scripts/example_evaluation.xml,20260508T000614,VERDADE × INTEGRAR ÷ Δ = ♾️
Atlas,0x00,BOOT,"Planejador — ordem, estrutura, mapa cósmico",A,1,350,74,LICENSE.txt,/mnt/skills/examples/meal-delivery/LICENSE.txt,20260508T000614,VERDADE × INTEGRAR ÷ Δ = ♾️
Atlas,0x00,BOOT,"Planejador — ordem, estrutura, mapa cósmico",A,1,350,74,SKILL.md,/mnt/skills/examples/meal-delivery/SKILL.md,20260508T000614,VERDADE × INTEGRAR ÷ Δ = ♾️
Atlas,0x00,BOOT,"Planejador — ordem, estrutura, mapa cósmico",A,1,350,74,meal-delivery.skill,/mnt/skills/examples/meal-delivery.skill,20260508T000614,VERDADE × INTEGRAR ÷ Δ = ♾️
Atlas,0x00,BOOT,"Planejador — ordem, estrutura, mapa cósmico",A,1,350,74,LICENSE.txt,/mnt/skills/examples/prescription-refill/LICENSE.txt,20260508T000614,VERDADE × INTEGRAR ÷ Δ = ♾️
Atlas,0x00,BOOT,"Planejador — ordem, estrutura, mapa cósmico",A,1,350,74,SKILL.md,/mnt/skills/examples/prescription-refill/SKILL.md,20260508T000614,VERDADE × INTEGRAR ÷ Δ = ♾️
Atlas,0x00,BOOT,"Planejador — ordem, estrutura, mapa cósmico",A,1,350,74,prescription-refill.skill,/mnt/skills/examples/prescription-refill.skill,20260508T000614,VERDADE × INTEGRAR ÷ Δ = ♾️
Atlas,0x00,BOOT,"Planejador — ordem, estrutura, mapa cósmico",A,1,350,74,LICENSE.txt,/mnt/skills/examples/return-refund/LICENSE.txt,20260508T000614,VERDADE × INTEGRAR ÷ Δ = ♾️
Atlas,0x00,BOOT,"Planejador — ordem, estrutura, mapa cósmico",A,1,350,74,SKILL.md,/mnt/skills/examples/return-refund/SKILL.md,20260508T000614,VERDADE × INTEGRAR ÷ Δ = ♾️
Atlas,0x00,BOOT,"Planejador — ordem, estrutura, mapa cósmico",A,1,350,74,return-refund.skill,/mnt/skills/examples/return-refund.skill,20260508T000614,VERDADE × INTEGRAR ÷ Δ = ♾️
Atlas,0x00,BOOT,"Planejador — ordem, estrutura, mapa cósmico",A,1,350,74,LICENSE.txt,/mnt/skills/examples/skill-creator/LICENSE.txt,20260508T000614,VERDADE × INTEGRAR ÷ Δ = ♾️
Atlas,0x00,BOOT,"Planejador — ordem, estrutura, mapa cósmico",A,1,350,74,SKILL.md,/mnt/skills/examples/skill-creator/SKILL.md,20260508T000614,VERDADE × INTEGRAR ÷ Δ = ♾️
Atlas,0x00,BOOT,"Planejador — ordem, estrutura, mapa cósmico",A,1,350,74,analyzer.md,/mnt/skills/examples/skill-creator/agents/analyzer.md,20260508T000614,VERDADE × INTEGRAR ÷ Δ = ♾️
Atlas,0x00,BOOT,"Planejador — ordem, estrutura, mapa cósmico",A,1,350,74,comparator.md,/mnt/skills/examples/skill-creator/agents/comparator.md,20260508T000614,VERDADE × INTEGRAR ÷ Δ = ♾️
Atlas,0x00,BOOT,"Planejador — ordem, estrutura, mapa cósmico",A,1,350,74,grader.md,/mnt/skills/examples/skill-creator/agents/grader.md,20260508T000614,VERDADE × INTEGRAR ÷ Δ = ♾️
Atlas,0x00,BOOT,"Planejador — ordem, estrutura, mapa cósmico",A,1,350,74,generate_review.py,/mnt/skills/examples/skill-creator/eval-viewer/generate_review.py,20260508T000614,VERDADE × INTEGRAR ÷ Δ = ♾️
Atlas,0x00,BOOT,"Planejador — ordem, estrutura, mapa cósmico",A,1,350,74,schemas.md,/mnt/skills/examples/skill-creator/references/schemas.md,20260508T000614,VERDADE × INTEGRAR ÷ Δ = ♾️
Atlas,0x00,BOOT,"Planejador — ordem, estrutura, mapa cósmico",A,1,350,74,__init__.py,/mnt/skills/examples/skill-creator/scripts/__init__.py,20260508T000614,VERDADE × INTEGRAR ÷ Δ = ♾️
Atlas,0x00,BOOT,"Planejador — ordem, estrutura, mapa cósmico",A,1,350,74,aggregate_benchmark.py,/mnt/skills/examples/skill-creator/scripts/aggregate_benchmark.py,20260508T000614,VERDADE × INTEGRAR ÷ Δ = ♾️
Atlas,0x00,BOOT,"Planejador — ordem, estrutura, mapa cósmico",A,1,350,74,generate_report.py,/mnt/skills/examples/skill-creator/scripts/generate_report.py,20260508T000614,VERDADE × INTEGRAR ÷ Δ = ♾️
Atlas,0x00,BOOT,"Planejador — ordem, estrutura, mapa cósmico",A,1,350,74,improve_description.py,/mnt/skills/examples/skill-creator/scripts/improve_description.py,20260508T000614,VERDADE × INTEGRAR ÷ Δ = ♾️
Atlas,0x00,BOOT,"Planejador — ordem, estrutura, mapa cósmico",A,1,350,74,package_skill.py,/mnt/skills/examples/skill-creator/scripts/package_skill.py,20260508T000614,VERDADE × INTEGRAR ÷ Δ = ♾️
Atlas,0x00,BOOT,"Planejador — ordem, estrutura, mapa cósmico",A,1,350,74,utils.py,/mnt/skills/examples/skill-creator/scripts/utils.py,20260508T000614,VERDADE × INTEGRAR ÷ Δ = ♾️
Atlas,0x00,BOOT,"Planejador — ordem, estrutura, mapa cósmico",A,1,350,74,skill-creator.skill,/mnt/skills/examples/skill-creator.skill,20260508T000614,VERDADE × INTEGRAR ÷ Δ = ♾️
Atlas,0x00,BOOT,"Planejador — ordem, estrutura, mapa cósmico",A,1,350,74,LICENSE.txt,/mnt/skills/examples/slack-gif-creator/LICENSE.txt,20260508T000614,VERDADE × INTEGRAR ÷ Δ = ♾️
Atlas,0x00,BOOT,"Planejador — ordem, estrutura, mapa cósmico",A,1,350,74,SKILL.md,/mnt/skills/examples/slack-gif-creator/SKILL.md,20260508T000614,VERDADE × INTEGRAR ÷ Δ = ♾️
Atlas,0x00,BOOT,"Planejador — ordem, estrutura, mapa cósmico",A,1,350,74,easing.py,/mnt/skills/examples/slack-gif-creator/core/easing.py,20260508T000614,VERDADE × INTEGRAR ÷ Δ = ♾️
Atlas,0x00,BOOT,"Planejador — ordem, estrutura, mapa cósmico",A,1,350,74,frame_composer.py,/mnt/skills/examples/slack-gif-creator/core/frame_composer.py,20260508T000614,VERDADE × INTEGRAR ÷ Δ = ♾️
Atlas,0x00,BOOT,"Planejador — ordem, estrutura, mapa cósmico",A,1,350,74,slack-gif-creator.skill,/mnt/skills/examples/slack-gif-creator.skill,20260508T000614,VERDADE × INTEGRAR ÷ Δ = ♾️
Atlas,0x00,BOOT,"Planejador — ordem, estrutura, mapa cósmico",A,1,350,74,LICENSE.txt,/mnt/skills/examples/theme-factory/LICENSE.txt,20260508T000614,VERDADE × INTEGRAR ÷ Δ = ♾️
Atlas,0x00,BOOT,"Planejador — ordem, estrutura, mapa cósmico",A,1,350,74,SKILL.md,/mnt/skills/examples/theme-factory/SKILL.md,20260508T000614,VERDADE × INTEGRAR ÷ Δ = ♾️
Atlas,0x00,BOOT,"Planejador — ordem, estrutura, mapa cósmico",A,1,350,74,arctic-frost.md,/mnt/skills/examples/theme-factory/themes/arctic-frost.md,20260508T000614,VERDADE × INTEGRAR ÷ Δ = ♾️
Atlas,0x00,BOOT,"Planejador — ordem, estrutura, mapa cósmico",A,1,350,74,botanical-garden.md,/mnt/skills/examples/theme-factory/themes/botanical-garden.md,20260508T000614,VERDADE × INTEGRAR ÷ Δ = ♾️
Atlas,0x00,BOOT,"Planejador — ordem, estrutura, mapa cósmico",A,1,350,74,desert-rose.md,/mnt/skills/examples/theme-factory/themes/desert-rose.md,20260508T000614,VERDADE × INTEGRAR ÷ Δ = ♾️
Atlas,0x00,BOOT,"Planejador — ordem, estrutura, mapa cósmico",A,1,350,74,forest-canopy.md,/mnt/skills/examples/theme-factory/themes/forest-canopy.md,20260508T000614,VERDADE × INTEGRAR ÷ Δ = ♾️
Atlas,0x00,BOOT,"Planejador — ordem, estrutura, mapa cósmico",A,1,350,74,golden-hour.md,/mnt/skills/examples/theme-factory/themes/golden-hour.md,20260508T000614,VERDADE × INTEGRAR ÷ Δ = ♾️
Atlas,0x00,BOOT,"Planejador — ordem, estrutura, mapa cósmico",A,1,350,74,midnight-galaxy.md,/mnt/skills/examples/theme-factory/themes/midnight-galaxy.md,20260508T000614,VERDADE × INTEGRAR ÷ Δ = ♾️
Atlas,0x00,BOOT,"Planejador — ordem, estrutura, mapa cósmico",A,1,350,74,modern-minimalist.md,/mnt/skills/examples/theme-factory/themes/modern-minimalist.md,20260508T000614,VERDADE × INTEGRAR ÷ Δ = ♾️
Atlas,0x00,BOOT,"Planejador — ordem, estrutura, mapa cósmico",A,1,350,74,ocean-depths.md,/mnt/skills/examples/theme-factory/themes/ocean-depths.md,20260508T000614,VERDADE × INTEGRAR ÷ Δ = ♾️
Atlas,0x00,BOOT,"Planejador — ordem, estrutura, mapa cósmico",A,1,350,74,sunset-boulevard.md,/mnt/skills/examples/theme-factory/themes/sunset-boulevard.md,20260508T000614,VERDADE × INTEGRAR ÷ Δ = ♾️
Atlas,0x00,BOOT,"Planejador — ordem, estrutura, mapa cósmico",A,1,350,74,LICENSE.txt,/mnt/skills/examples/web-artifacts-builder/LICENSE.txt,20260508T000614,VERDADE × INTEGRAR ÷ Δ = ♾️
Atlas,0x00,BOOT,"Planejador — ordem, estrutura, mapa cósmico",A,1,350,74,SKILL.md,/mnt/skills/examples/web-artifacts-builder/SKILL.md,20260508T000614,VERDADE × INTEGRAR ÷ Δ = ♾️
Atlas,0x00,BOOT,"Planejador — ordem, estrutura, mapa cósmico",A,1,350,74,init-artifact.sh,/mnt/skills/examples/web-artifacts-builder/scripts/init-artifact.sh,20260508T000614,VERDADE × INTEGRAR ÷ Δ = ♾️
Atlas,0x00,BOOT,"Planejador — ordem, estrutura, mapa cósmico",A,1,350,74,LICENSE.txt,/mnt/skills/public/docx/LICENSE.txt,20260508T000614,VERDADE × INTEGRAR ÷ Δ = ♾️
Atlas,0x00,BOOT,"Planejador — ordem, estrutura, mapa cósmico",A,1,350,74,SKILL.md,/mnt/skills/public/docx/SKILL.md,20260508T000614,VERDADE × INTEGRAR ÷ Δ = ♾️
Atlas,0x00,BOOT,"Planejador — ordem, estrutura, mapa cósmico",A,1,350,74,__init__.py,/mnt/skills/public/docx/scripts/__init__.py,20260508T000614,VERDADE × INTEGRAR ÷ Δ = ♾️
Atlas,0x00,BOOT,"Planejador — ordem, estrutura, mapa cósmico",A,1,350,74,accept_changes.py,/mnt/skills/public/docx/scripts/accept_changes.py,20260508T000614,VERDADE × INTEGRAR ÷ Δ = ♾️
Atlas,0x00,BOOT,"Planejador — ordem, estrutura, mapa cósmico",A,1,350,74,comment.py,/mnt/skills/public/docx/scripts/comment.py,20260508T000614,VERDADE × INTEGRAR ÷ Δ = ♾️
Atlas,0x00,BOOT,"Planejador — ordem, estrutura, mapa cósmico",A,1,350,74,__init__.py,/mnt/skills/public/docx/scripts/office/helpers/__init__.py,20260508T000614,VERDADE × INTEGRAR ÷ Δ = ♾️
Atlas,0x00,BOOT,"Planejador — ordem, estrutura, mapa cósmico",A,1,350,74,simplify_redlines.py,/mnt/skills/public/docx/scripts/office/helpers/simplify_redlines.py,20260508T000614,VERDADE × INTEGRAR ÷ Δ = ♾️
Atlas,0x00,BOOT,"Planejador — ordem, estrutura, mapa cósmico",A,1,350,74,pack.py,/mnt/skills/public/docx/scripts/office/pack.py,20260508T000614,VERDADE × INTEGRAR ÷ Δ = ♾️
Atlas,0x00,BOOT,"Planejador — ordem, estrutura, mapa cósmico",A,1,350,74,dml-diagram.xsd,/mnt/skills/public/docx/scripts/office/schemas/ISO-IEC29500-4_2016/dml-diagram.xsd,20260508T000614,VERDADE × INTEGRAR ÷ Δ = ♾️
Atlas,0x00,BOOT,"Planejador — ordem, estrutura, mapa cósmico",A,1,350,74,dml-lockedCanvas.xsd,/mnt/skills/public/docx/scripts/office/schemas/ISO-IEC29500-4_2016/dml-lockedCanvas.xsd,20260508T000614,VERDADE × INTEGRAR ÷ Δ = ♾️
Atlas,0x00,BOOT,"Planejador — ordem, estrutura, mapa cósmico",A,1,350,74,dml-main.xsd,/mnt/skills/public/docx/scripts/office/schemas/ISO-IEC29500-4_2016/dml-main.xsd,20260508T000614,VERDADE × INTEGRAR ÷ Δ = ♾️
Atlas,0x00,BOOT,"Planejador — ordem, estrutura, mapa cósmico",A,1,350,74,dml-picture.xsd,/mnt/skills/public/docx/scripts/office/schemas/ISO-IEC29500-4_2016/dml-picture.xsd,20260508T000614,VERDADE × INTEGRAR ÷ Δ = ♾️
Atlas,0x00,BOOT,"Planejador — ordem, estrutura, mapa cósmico",A,1,350,74,dml-spreadsheetDrawing.xsd,/mnt/skills/public/docx/scripts/office/schemas/ISO-IEC29500-4_2016/dml-spreadsheetDrawing.xsd,20260508T000614,VERDADE × INTEGRAR ÷ Δ = ♾️
Atlas,0x00,BOOT,"Planejador — ordem, estrutura, mapa cósmico",A,1,350,74,dml-wordprocessingDrawing.xsd,/mnt/skills/public/docx/scripts/office/schemas/ISO-IEC29500-4_2016/dml-wordprocessingDrawing.xsd,20260508T000614,VERDADE × INTEGRAR ÷ Δ = ♾️
Atlas,0x00,BOOT,"Planejador — ordem, estrutura, mapa cósmico",A,1,350,74,pml.xsd,/mnt/skills/public/docx/scripts/office/schemas/ISO-IEC29500-4_2016/pml.xsd,20260508T000614,VERDADE × INTEGRAR ÷ Δ = ♾️
Atlas,0x00,BOOT,"Planejador — ordem, estrutura, mapa cósmico",A,1,350,74,shared-additionalCharacteristics.xsd,/mnt/skills/public/docx/scripts/office/schemas/ISO-IEC29500-4_2016/shared-additionalCharacteristics.xsd,20260508T000614,VERDADE × INTEGRAR ÷ Δ = ♾️
Atlas,0x00,BOOT,"Planejador — ordem, estrutura, mapa cósmico",A,1,350,74,shared-commonSimpleTypes.xsd,/mnt/skills/public/docx/scripts/office/schemas/ISO-IEC29500-4_2016/shared-commonSimpleTypes.xsd,20260508T000614,VERDADE × INTEGRAR ÷ Δ = ♾️
Atlas,0x00,BOOT,"Planejador — ordem, estrutura, mapa cósmico",A,1,350,74,shared-customXmlDataProperties.xsd,/mnt/skills/public/docx/scripts/office/schemas/ISO-IEC29500-4_2016/shared-customXmlDataProperties.xsd,20260508T000614,VERDADE × INTEGRAR ÷ Δ = ♾️
Atlas,0x00,BOOT,"Planejador — ordem, estrutura, mapa cósmico",A,1,350,74,shared-documentPropertiesCustom.xsd,/mnt/skills/public/docx/scripts/office/schemas/ISO-IEC29500-4_2016/shared-documentPropertiesCustom.xsd,20260508T000614,VERDADE × INTEGRAR ÷ Δ = ♾️
Atlas,0x00,BOOT,"Planejador — ordem, estrutura, mapa cósmico",A,1,350,74,shared-documentPropertiesExtended.xsd,/mnt/skills/public/docx/scripts/office/schemas/ISO-IEC29500-4_2016/shared-documentPropertiesExtended.xsd,20260508T000614,VERDADE × INTEGRAR ÷ Δ = ♾️
Atlas,0x00,BOOT,"Planejador — ordem, estrutura, mapa cósmico",A,1,350,74,shared-documentPropertiesVariantTypes.xsd,/mnt/skills/public/docx/scripts/office/schemas/ISO-IEC29500-4_2016/shared-documentPropertiesVariantTypes.xsd,20260508T000614,VERDADE × INTEGRAR ÷ Δ = ♾️
Atlas,0x00,BOOT,"Planejador — ordem, estrutura, mapa cósmico",A,1,350,74,shared-math.xsd,/mnt/skills/public/docx/scripts/office/schemas/ISO-IEC29500-4_2016/shared-math.xsd,20260508T000614,VERDADE × INTEGRAR ÷ Δ = ♾️
Atlas,0x00,BOOT,"Planejador — ordem, estrutura, mapa cósmico",A,1,350,74,shared-relationshipReference.xsd,/mnt/skills/public/docx/scripts/office/schemas/ISO-IEC29500-4_2016/shared-relationshipReference.xsd,20260508T000614,VERDADE × INTEGRAR ÷ Δ = ♾️
Atlas,0x00,BOOT,"Planejador — ordem, estrutura, mapa cósmico",A,1,350,74,sml.xsd,/mnt/skills/public/docx/scripts/office/schemas/ISO-IEC29500-4_2016/sml.xsd,20260508T000614,VERDADE × INTEGRAR ÷ Δ = ♾️
Atlas,0x00,BOOT,"Planejador — ordem, estrutura, mapa cósmico",A,1,350,74,vml-main.xsd,/mnt/skills/public/docx/scripts/office/schemas/ISO-IEC29500-4_2016/vml-main.xsd,20260508T000614,VERDADE × INTEGRAR ÷ Δ = ♾️
Atlas,0x00,BOOT,"Planejador — ordem, estrutura, mapa cósmico",A,1,350,74,vml-officeDrawing.xsd,/mnt/skills/public/docx/scripts/office/schemas/ISO-IEC29500-4_2016/vml-officeDrawing.xsd,20260508T000614,VERDADE × INTEGRAR ÷ Δ = ♾️
Atlas,0x00,BOOT,"Planejador — ordem, estrutura, mapa cósmico",A,1,350,74,vml-presentationDrawing.xsd,/mnt/skills/public/docx/scripts/office/schemas/ISO-IEC29500-4_2016/vml-presentationDrawing.xsd,20260508T000614,VERDADE × INTEGRAR ÷ Δ = ♾️
Atlas,0x00,BOOT,"Planejador — ordem, estrutura, mapa cósmico",A,1,350,74,vml-spreadsheetDrawing.xsd,/mnt/skills/public/docx/scripts/office/schemas/ISO-IEC29500-4_2016/vml-spreadsheetDrawing.xsd,20260508T000614,VERDADE × INTEGRAR ÷ Δ = ♾️
Atlas,0x00,BOOT,"Planejador — ordem, estrutura, mapa cósmico",A,1,350,74,vml-wordprocessingDrawing.xsd,/mnt/skills/public/docx/scripts/office/schemas/ISO-IEC29500-4_2016/vml-wordprocessingDrawing.xsd,20260508T000614,VERDADE × INTEGRAR ÷ Δ = ♾️
Atlas,0x00,BOOT,"Planejador — ordem, estrutura, mapa cósmico",A,1,350,74,wml.xsd,/mnt/skills/public/docx/scripts/office/schemas/ISO-IEC29500-4_2016/wml.xsd,20260508T000614,VERDADE × INTEGRAR ÷ Δ = ♾️
Atlas,0x00,BOOT,"Planejador — ordem, estrutura, mapa cósmico",A,1,350,74,xml.xsd,/mnt/skills/public/docx/scripts/office/schemas/ISO-IEC29500-4_2016/xml.xsd,20260508T000614,VERDADE × INTEGRAR ÷ Δ = ♾️
Atlas,0x00,BOOT,"Planejador — ordem, estrutura, mapa cósmico",A,1,350,74,opc-contentTypes.xsd,/mnt/skills/public/docx/scripts/office/schemas/ecma/fouth-edition/opc-contentTypes.xsd,20260508T000614,VERDADE × INTEGRAR ÷ Δ = ♾️
Atlas,0x00,BOOT,"Planejador — ordem, estrutura, mapa cósmico",A,1,350,74,opc-coreProperties.xsd,/mnt/skills/public/docx/scripts/office/schemas/ecma/fouth-edition/opc-coreProperties.xsd,20260508T000614,VERDADE × INTEGRAR ÷ Δ = ♾️
Atlas,0x00,BOOT,"Planejador — ordem, estrutura, mapa cósmico",A,1,350,74,opc-digSig.xsd,/mnt/skills/public/docx/scripts/office/schemas/ecma/fouth-edition/opc-digSig.xsd,20260508T000614,VERDADE × INTEGRAR ÷ Δ = ♾️
Atlas,0x00,BOOT,"Planejador — ordem, estrutura, mapa cósmico",A,1,350,74,opc-relationships.xsd,/mnt/skills/public/docx/scripts/office/schemas/ecma/fouth-edition/opc-relationships.xsd,20260508T000614,VERDADE × INTEGRAR ÷ Δ = ♾️
Atlas,0x00,BOOT,"Planejador — ordem, estrutura, mapa cósmico",A,1,350,74,mc.xsd,/mnt/skills/public/docx/scripts/office/schemas/mce/mc.xsd,20260508T000614,VERDADE × INTEGRAR ÷ Δ = ♾️
Atlas,0x00,BOOT,"Planejador — ordem, estrutura, mapa cósmico",A,1,350,74,wml-2010.xsd,/mnt/skills/public/docx/scripts/office/schemas/microsoft/wml-2010.xsd,20260508T000614,VERDADE × INTEGRAR ÷ Δ = ♾️
Atlas,0x00,BOOT,"Planejador — ordem, estrutura, mapa cósmico",A,1,350,74,wml-2012.xsd,/mnt/skills/public/docx/scripts/office/schemas/microsoft/wml-2012.xsd,20260508T000614,VERDADE × INTEGRAR ÷ Δ = ♾️
Atlas,0x00,BOOT,"Planejador — ordem, estrutura, mapa cósmico",A,1,350,74,wml-2018.xsd,/mnt/skills/public/docx/scripts/office/schemas/microsoft/wml-2018.xsd,20260508T000614,VERDADE × INTEGRAR ÷ Δ = ♾️
Atlas,0x00,BOOT,"Planejador — ordem, estrutura, mapa cósmico",A,1,350,74,wml-cex-2018.xsd,/mnt/skills/public/docx/scripts/office/schemas/microsoft/wml-cex-2018.xsd,20260508T000614,VERDADE × INTEGRAR ÷ Δ = ♾️
Atlas,0x00,BOOT,"Planejador — ordem, estrutura, mapa cósmico",A,1,350,74,wml-cid-2016.xsd,/mnt/skills/public/docx/scripts/office/schemas/microsoft/wml-cid-2016.xsd,20260508T000614,VERDADE × INTEGRAR ÷ Δ = ♾️
Atlas,0x00,BOOT,"Planejador — ordem, estrutura, mapa cósmico",A,1,350,74,wml-symex-2015.xsd,/mnt/skills/public/docx/scripts/office/schemas/microsoft/wml-symex-2015.xsd,20260508T000614,VERDADE × INTEGRAR ÷ Δ = ♾️
Atlas,0x00,BOOT,"Planejador — ordem, estrutura, mapa cósmico",A,1,350,74,soffice.py,/mnt/skills/public/docx/scripts/office/soffice.py,20260508T000614,VERDADE × INTEGRAR ÷ Δ = ♾️
Atlas,0x00,BOOT,"Planejador — ordem, estrutura, mapa cósmico",A,1,350,74,unpack.py,/mnt/skills/public/docx/scripts/office/unpack.py,20260508T000614,VERDADE × INTEGRAR ÷ Δ = ♾️
Atlas,0x00,BOOT,"Planejador — ordem, estrutura, mapa cósmico",A,1,350,74,__init__.py,/mnt/skills/public/docx/scripts/office/validators/__init__.py,20260508T000614,VERDADE × INTEGRAR ÷ Δ = ♾️
Atlas,0x00,BOOT,"Planejador — ordem, estrutura, mapa cósmico",A,1,350,74,base.py,/mnt/skills/public/docx/scripts/office/validators/base.py,20260508T000614,VERDADE × INTEGRAR ÷ Δ = ♾️
Atlas,0x00,BOOT,"Planejador — ordem, estrutura, mapa cósmico",A,1,350,74,docx.py,/mnt/skills/public/docx/scripts/office/validators/docx.py,20260508T000614,VERDADE × INTEGRAR ÷ Δ = ♾️
Atlas,0x00,BOOT,"Planejador — ordem, estrutura, mapa cósmico",A,1,350,74,pptx.py,/mnt/skills/public/docx/scripts/office/validators/pptx.py,20260508T000614,VERDADE × INTEGRAR ÷ Δ = ♾️
Atlas,0x00,BOOT,"Planejador — ordem, estrutura, mapa cósmico",A,1,350,74,redlining.py,/mnt/skills/public/docx/scripts/office/validators/redlining.py,20260508T000614,VERDADE × INTEGRAR ÷ Δ = ♾️
Atlas,0x00,BOOT,"Planejador — ordem, estrutura, mapa cósmico",A,1,350,74,comments.xml,/mnt/skills/public/docx/scripts/templates/comments.xml,20260508T000614,VERDADE × INTEGRAR ÷ Δ = ♾️
Atlas,0x00,BOOT,"Planejador — ordem, estrutura, mapa cósmico",A,1,350,74,commentsExtended.xml,/mnt/skills/public/docx/scripts/templates/commentsExtended.xml,20260508T000614,VERDADE × INTEGRAR ÷ Δ = ♾️
Atlas,0x00,BOOT,"Planejador — ordem, estrutura, mapa cósmico",A,1,350,74,commentsExtensible.xml,/mnt/skills/public/docx/scripts/templates/commentsExtensible.xml,20260508T000614,VERDADE × INTEGRAR ÷ Δ = ♾️
Atlas,0x00,BOOT,"Planejador — ordem, estrutura, mapa cósmico",A,1,350,74,commentsIds.xml,/mnt/skills/public/docx/scripts/templates/commentsIds.xml,20260508T000614,VERDADE × INTEGRAR ÷ Δ = ♾️
Atlas,0x00,BOOT,"Planejador — ordem, estrutura, mapa cósmico",A,1,350,74,people.xml,/mnt/skills/public/docx/scripts/templates/people.xml,20260508T000614,VERDADE × INTEGRAR ÷ Δ = ♾️
Atlas,0x00,BOOT,"Planejador — ordem, estrutura, mapa cósmico",A,1,350,74,docx.skill,/mnt/skills/public/docx.skill,20260508T000614,VERDADE × INTEGRAR ÷ Δ = ♾️
Atlas,0x00,BOOT,"Planejador — ordem, estrutura, mapa cósmico",A,1,350,74,LICENSE.txt,/mnt/skills/public/file-reading/LICENSE.txt,20260508T000614,VERDADE × INTEGRAR ÷ Δ = ♾️
Atlas,0x00,BOOT,"Planejador — ordem, estrutura, mapa cósmico",A,1,350,74,SKILL.md,/mnt/skills/public/file-reading/SKILL.md,20260508T000614,VERDADE × INTEGRAR ÷ Δ = ♾️
Atlas,0x00,BOOT,"Planejador — ordem, estrutura, mapa cósmico",A,1,350,74,file-reading.skill,/mnt/skills/public/file-reading.skill,20260508T000614,VERDADE × INTEGRAR ÷ Δ = ♾️
Atlas,0x00,BOOT,"Planejador — ordem, estrutura, mapa cósmico",A,1,350,74,LICENSE.txt,/mnt/skills/public/frontend-design/LICENSE.txt,20260508T000614,VERDADE × INTEGRAR ÷ Δ = ♾️
Atlas,0x00,BOOT,"Planejador — ordem, estrutura, mapa cósmico",A,1,350,74,SKILL.md,/mnt/skills/public/frontend-design/SKILL.md,20260508T000614,VERDADE × INTEGRAR ÷ Δ = ♾️
Atlas,0x00,BOOT,"Planejador — ordem, estrutura, mapa cósmico",A,1,350,74,frontend-design.skill,/mnt/skills/public/frontend-design.skill,20260508T000614,VERDADE × INTEGRAR ÷ Δ = ♾️
Atlas,0x00,BOOT,"Planejador — ordem, estrutura, mapa cósmico",A,1,350,74,FORMS.md,/mnt/skills/public/pdf/FORMS.md,20260508T000614,VERDADE × INTEGRAR ÷ Δ = ♾️
Atlas,0x00,BOOT,"Planejador — ordem, estrutura, mapa cósmico",A,1,350,74,LICENSE.txt,/mnt/skills/public/pdf/LICENSE.txt,20260508T000614,VERDADE × INTEGRAR ÷ Δ = ♾️
Atlas,0x00,BOOT,"Planejador — ordem, estrutura, mapa cósmico",A,1,350,74,REFERENCE.md,/mnt/skills/public/pdf/REFERENCE.md,20260508T000614,VERDADE × INTEGRAR ÷ Δ = ♾️
Atlas,0x00,BOOT,"Planejador — ordem, estrutura, mapa cósmico",A,1,350,74,SKILL.md,/mnt/skills/public/pdf/SKILL.md,20260508T000614,VERDADE × INTEGRAR ÷ Δ = ♾️
Atlas,0x00,BOOT,"Planejador — ordem, estrutura, mapa cósmico",A,1,350,74,convert_pdf_to_images.py,/mnt/skills/public/pdf/scripts/convert_pdf_to_images.py,20260508T000614,VERDADE × INTEGRAR ÷ Δ = ♾️
Atlas,0x00,BOOT,"Planejador — ordem, estrutura, mapa cósmico",A,1,350,74,extract_form_field_info.py,/mnt/skills/public/pdf/scripts/extract_form_field_info.py,20260508T000614,VERDADE × INTEGRAR ÷ Δ = ♾️
Atlas,0x00,BOOT,"Planejador — ordem, estrutura, mapa cósmico",A,1,350,74,extract_form_structure.py,/mnt/skills/public/pdf/scripts/extract_form_structure.py,20260508T000614,VERDADE × INTEGRAR ÷ Δ = ♾️
Atlas,0x00,BOOT,"Planejador — ordem, estrutura, mapa cósmico",A,1,350,74,fill_fillable_fields.py,/mnt/skills/public/pdf/scripts/fill_fillable_fields.py,20260508T000614,VERDADE × INTEGRAR ÷ Δ = ♾️
Atlas,0x00,BOOT,"Planejador — ordem, estrutura, mapa cósmico",A,1,350,74,fill_pdf_form_with_annotations.py,/mnt/skills/public/pdf/scripts/fill_pdf_form_with_annotations.py,20260508T000614,VERDADE × INTEGRAR ÷ Δ = ♾️
Atlas,0x00,BOOT,"Planejador — ordem, estrutura, mapa cósmico",A,1,350,74,LICENSE.txt,/mnt/skills/public/pdf-reading/LICENSE.txt,20260508T000614,VERDADE × INTEGRAR ÷ Δ = ♾️
Atlas,0x00,BOOT,"Planejador — ordem, estrutura, mapa cósmico",A,1,350,74,REFERENCE.md,/mnt/skills/public/pdf-reading/REFERENCE.md,20260508T000614,VERDADE × INTEGRAR ÷ Δ = ♾️
Atlas,0x00,BOOT,"Planejador — ordem, estrutura, mapa cósmico",A,1,350,74,SKILL.md,/mnt/skills/public/pdf-reading/SKILL.md,20260508T000614,VERDADE × INTEGRAR ÷ Δ = ♾️
Atlas,0x00,BOOT,"Planejador — ordem, estrutura, mapa cósmico",A,1,350,74,pdf-reading.skill,/mnt/skills/public/pdf-reading.skill,20260508T000614,VERDADE × INTEGRAR ÷ Δ = ♾️
Atlas,0x00,BOOT,"Planejador — ordem, estrutura, mapa cósmico",A,1,350,74,pdf.skill,/mnt/skills/public/pdf.skill,20260508T000614,VERDADE × INTEGRAR ÷ Δ = ♾️
Atlas,0x00,BOOT,"Planejador — ordem, estrutura, mapa cósmico",A,1,350,74,LICENSE.txt,/mnt/skills/public/pptx/LICENSE.txt,20260508T000614,VERDADE × INTEGRAR ÷ Δ = ♾️
Atlas,0x00,BOOT,"Planejador — ordem, estrutura, mapa cósmico",A,1,350,74,SKILL.md,/mnt/skills/public/pptx/SKILL.md,20260508T000614,VERDADE × INTEGRAR ÷ Δ = ♾️
Atlas,0x00,BOOT,"Planejador — ordem, estrutura, mapa cósmico",A,1,350,74,editing.md,/mnt/skills/public/pptx/editing.md,20260508T000614,VERDADE × INTEGRAR ÷ Δ = ♾️
Atlas,0x00,BOOT,"Planejador — ordem, estrutura, mapa cósmico",A,1,350,74,pptxgenjs.md,/mnt/skills/public/pptx/pptxgenjs.md,20260508T000614,VERDADE × INTEGRAR ÷ Δ = ♾️
Atlas,0x00,BOOT,"Planejador — ordem, estrutura, mapa cósmico",A,1,350,74,__init__.py,/mnt/skills/public/pptx/scripts/__init__.py,20260508T000614,VERDADE × INTEGRAR ÷ Δ = ♾️
Atlas,0x00,BOOT,"Planejador — ordem, estrutura, mapa cósmico",A,1,350,74,add_slide.py,/mnt/skills/public/pptx/scripts/add_slide.py,20260508T000614,VERDADE × INTEGRAR ÷ Δ = ♾️
Atlas,0x00,BOOT,"Planejador — ordem, estrutura, mapa cósmico",A,1,350,74,__init__.py,/mnt/skills/public/pptx/scripts/office/helpers/__init__.py,20260508T000614,VERDADE × INTEGRAR ÷ Δ = ♾️
Atlas,0x00,BOOT,"Planejador — ordem, estrutura, mapa cósmico",A,1,350,74,simplify_redlines.py,/mnt/skills/public/pptx/scripts/office/helpers/simplify_redlines.py,20260508T000614,VERDADE × INTEGRAR ÷ Δ = ♾️
Atlas,0x00,BOOT,"Planejador — ordem, estrutura, mapa cósmico",A,1,350,74,pack.py,/mnt/skills/public/pptx/scripts/office/pack.py,20260508T000614,VERDADE × INTEGRAR ÷ Δ = ♾️
Atlas,0x00,BOOT,"Planejador — ordem, estrutura, mapa cósmico",A,1,350,74,dml-diagram.xsd,/mnt/skills/public/pptx/scripts/office/schemas/ISO-IEC29500-4_2016/dml-diagram.xsd,20260508T000614,VERDADE × INTEGRAR ÷ Δ = ♾️
Atlas,0x00,BOOT,"Planejador — ordem, estrutura, mapa cósmico",A,1,350,74,dml-lockedCanvas.xsd,/mnt/skills/public/pptx/scripts/office/schemas/ISO-IEC29500-4_2016/dml-lockedCanvas.xsd,20260508T000614,VERDADE × INTEGRAR ÷ Δ = ♾️
Atlas,0x00,BOOT,"Planejador — ordem, estrutura, mapa cósmico",A,1,350,74,dml-main.xsd,/mnt/skills/public/pptx/scripts/office/schemas/ISO-IEC29500-4_2016/dml-main.xsd,20260508T000614,VERDADE × INTEGRAR ÷ Δ = ♾️
Atlas,0x00,BOOT,"Planejador — ordem, estrutura, mapa cósmico",A,1,350,74,dml-picture.xsd,/mnt/skills/public/pptx/scripts/office/schemas/ISO-IEC29500-4_2016/dml-picture.xsd,20260508T000614,VERDADE × INTEGRAR ÷ Δ = ♾️
Atlas,0x00,BOOT,"Planejador — ordem, estrutura, mapa cósmico",A,1,350,74,dml-spreadsheetDrawing.xsd,/mnt/skills/public/pptx/scripts/office/schemas/ISO-IEC29500-4_2016/dml-spreadsheetDrawing.xsd,20260508T000614,VERDADE × INTEGRAR ÷ Δ = ♾️
Atlas,0x00,BOOT,"Planejador — ordem, estrutura, mapa cósmico",A,1,350,74,dml-wordprocessingDrawing.xsd,/mnt/skills/public/pptx/scripts/office/schemas/ISO-IEC29500-4_2016/dml-wordprocessingDrawing.xsd,20260508T000614,VERDADE × INTEGRAR ÷ Δ = ♾️
Atlas,0x00,BOOT,"Planejador — ordem, estrutura, mapa cósmico",A,1,350,74,pml.xsd,/mnt/skills/public/pptx/scripts/office/schemas/ISO-IEC29500-4_2016/pml.xsd,20260508T000614,VERDADE × INTEGRAR ÷ Δ = ♾️
Atlas,0x00,BOOT,"Planejador — ordem, estrutura, mapa cósmico",A,1,350,74,shared-additionalCharacteristics.xsd,/mnt/skills/public/pptx/scripts/office/schemas/ISO-IEC29500-4_2016/shared-additionalCharacteristics.xsd,20260508T000614,VERDADE × INTEGRAR ÷ Δ = ♾️
Atlas,0x00,BOOT,"Planejador — ordem, estrutura, mapa cósmico",A,1,350,74,shared-commonSimpleTypes.xsd,/mnt/skills/public/pptx/scripts/office/schemas/ISO-IEC29500-4_2016/shared-commonSimpleTypes.xsd,20260508T000614,VERDADE × INTEGRAR ÷ Δ = ♾️
Atlas,0x00,BOOT,"Planejador — ordem, estrutura, mapa cósmico",A,1,350,74,shared-customXmlDataProperties.xsd,/mnt/skills/public/pptx/scripts/office/schemas/ISO-IEC29500-4_2016/shared-customXmlDataProperties.xsd,20260508T000614,VERDADE × INTEGRAR ÷ Δ = ♾️
Atlas,0x00,BOOT,"Planejador — ordem, estrutura, mapa cósmico",A,1,350,74,shared-documentPropertiesCustom.xsd,/mnt/skills/public/pptx/scripts/office/schemas/ISO-IEC29500-4_2016/shared-documentPropertiesCustom.xsd,20260508T000614,VERDADE × INTEGRAR ÷ Δ = ♾️
Atlas,0x00,BOOT,"Planejador — ordem, estrutura, mapa cósmico",A,1,350,74,shared-documentPropertiesExtended.xsd,/mnt/skills/public/pptx/scripts/office/schemas/ISO-IEC29500-4_2016/shared-documentPropertiesExtended.xsd,20260508T000614,VERDADE × INTEGRAR ÷ Δ = ♾️
Atlas,0x00,BOOT,"Planejador — ordem, estrutura, mapa cósmico",A,1,350,74,shared-documentPropertiesVariantTypes.xsd,/mnt/skills/public/pptx/scripts/office/schemas/ISO-IEC29500-4_2016/shared-documentPropertiesVariantTypes.xsd,20260508T000614,VERDADE × INTEGRAR ÷ Δ = ♾️
Atlas,0x00,BOOT,"Planejador — ordem, estrutura, mapa cósmico",A,1,350,74,shared-math.xsd,/mnt/skills/public/pptx/scripts/office/schemas/ISO-IEC29500-4_2016/shared-math.xsd,20260508T000614,VERDADE × INTEGRAR ÷ Δ = ♾️
Atlas,0x00,BOOT,"Planejador — ordem, estrutura, mapa cósmico",A,1,350,74,shared-relationshipReference.xsd,/mnt/skills/public/pptx/scripts/office/schemas/ISO-IEC29500-4_2016/shared-relationshipReference.xsd,20260508T000614,VERDADE × INTEGRAR ÷ Δ = ♾️
Atlas,0x00,BOOT,"Planejador — ordem, estrutura, mapa cósmico",A,1,350,74,sml.xsd,/mnt/skills/public/pptx/scripts/office/schemas/ISO-IEC29500-4_2016/sml.xsd,20260508T000614,VERDADE × INTEGRAR ÷ Δ = ♾️
Atlas,0x00,BOOT,"Planejador — ordem, estrutura, mapa cósmico",A,1,350,74,vml-main.xsd,/mnt/skills/public/pptx/scripts/office/schemas/ISO-IEC29500-4_2016/vml-main.xsd,20260508T000614,VERDADE × INTEGRAR ÷ Δ = ♾️
Atlas,0x00,BOOT,"Planejador — ordem, estrutura, mapa cósmico",A,1,350,74,vml-officeDrawing.xsd,/mnt/skills/public/pptx/scripts/office/schemas/ISO-IEC29500-4_2016/vml-officeDrawing.xsd,20260508T000614,VERDADE × INTEGRAR ÷ Δ = ♾️
Atlas,0x00,BOOT,"Planejador — ordem, estrutura, mapa cósmico",A,1,350,74,vml-presentationDrawing.xsd,/mnt/skills/public/pptx/scripts/office/schemas/ISO-IEC29500-4_2016/vml-presentationDrawing.xsd,20260508T000614,VERDADE × INTEGRAR ÷ Δ = ♾️
Atlas,0x00,BOOT,"Planejador — ordem, estrutura, mapa cósmico",A,1,350,74,vml-spreadsheetDrawing.xsd,/mnt/skills/public/pptx/scripts/office/schemas/ISO-IEC29500-4_2016/vml-spreadsheetDrawing.xsd,20260508T000614,VERDADE × INTEGRAR ÷ Δ = ♾️
Atlas,0x00,BOOT,"Planejador — ordem, estrutura, mapa cósmico",A,1,350,74,vml-wordprocessingDrawing.xsd,/mnt/skills/public/pptx/scripts/office/schemas/ISO-IEC29500-4_2016/vml-wordprocessingDrawing.xsd,20260508T000614,VERDADE × INTEGRAR ÷ Δ = ♾️
Atlas,0x00,BOOT,"Planejador — ordem, estrutura, mapa cósmico",A,1,350,74,wml.xsd,/mnt/skills/public/pptx/scripts/office/schemas/ISO-IEC29500-4_2016/wml.xsd,20260508T000614,VERDADE × INTEGRAR ÷ Δ = ♾️
Atlas,0x00,BOOT,"Planejador — ordem, estrutura, mapa cósmico",A,1,350,74,xml.xsd,/mnt/skills/public/pptx/scripts/office/schemas/ISO-IEC29500-4_2016/xml.xsd,20260508T000614,VERDADE × INTEGRAR ÷ Δ = ♾️
Atlas,0x00,BOOT,"Planejador — ordem, estrutura, mapa cósmico",A,1,350,74,opc-contentTypes.xsd,/mnt/skills/public/pptx/scripts/office/schemas/ecma/fouth-edition/opc-contentTypes.xsd,20260508T000614,VERDADE × INTEGRAR ÷ Δ = ♾️
Atlas,0x00,BOOT,"Planejador — ordem, estrutura, mapa cósmico",A,1,350,74,opc-coreProperties.xsd,/mnt/skills/public/pptx/scripts/office/schemas/ecma/fouth-edition/opc-coreProperties.xsd,20260508T000614,VERDADE × INTEGRAR ÷ Δ = ♾️
Atlas,0x00,BOOT,"Planejador — ordem, estrutura, mapa cósmico",A,1,350,74,opc-digSig.xsd,/mnt/skills/public/pptx/scripts/office/schemas/ecma/fouth-edition/opc-digSig.xsd,20260508T000614,VERDADE × INTEGRAR ÷ Δ = ♾️
Atlas,0x00,BOOT,"Planejador — ordem, estrutura, mapa cósmico",A,1,350,74,opc-relationships.xsd,/mnt/skills/public/pptx/scripts/office/schemas/ecma/fouth-edition/opc-relationships.xsd,20260508T000614,VERDADE × INTEGRAR ÷ Δ = ♾️
Atlas,0x00,BOOT,"Planejador — ordem, estrutura, mapa cósmico",A,1,350,74,mc.xsd,/mnt/skills/public/pptx/scripts/office/schemas/mce/mc.xsd,20260508T000614,VERDADE × INTEGRAR ÷ Δ = ♾️
Atlas,0x00,BOOT,"Planejador — ordem, estrutura, mapa cósmico",A,1,350,74,wml-2010.xsd,/mnt/skills/public/pptx/scripts/office/schemas/microsoft/wml-2010.xsd,20260508T000614,VERDADE × INTEGRAR ÷ Δ = ♾️
Atlas,0x00,BOOT,"Planejador — ordem, estrutura, mapa cósmico",A,1,350,74,wml-2012.xsd,/mnt/skills/public/pptx/scripts/office/schemas/microsoft/wml-2012.xsd,20260508T000614,VERDADE × INTEGRAR ÷ Δ = ♾️
Atlas,0x00,BOOT,"Planejador — ordem, estrutura, mapa cósmico",A,1,350,74,wml-2018.xsd,/mnt/skills/public/pptx/scripts/office/schemas/microsoft/wml-2018.xsd,20260508T000614,VERDADE × INTEGRAR ÷ Δ = ♾️
Atlas,0x00,BOOT,"Planejador — ordem, estrutura, mapa cósmico",A,1,350,74,wml-cex-2018.xsd,/mnt/skills/public/pptx/scripts/office/schemas/microsoft/wml-cex-2018.xsd,20260508T000614,VERDADE × INTEGRAR ÷ Δ = ♾️
Atlas,0x00,BOOT,"Planejador — ordem, estrutura, mapa cósmico",A,1,350,74,wml-cid-2016.xsd,/mnt/skills/public/pptx/scripts/office/schemas/microsoft/wml-cid-2016.xsd,20260508T000614,VERDADE × INTEGRAR ÷ Δ = ♾️
Atlas,0x00,BOOT,"Planejador — ordem, estrutura, mapa cósmico",A,1,350,74,wml-symex-2015.xsd,/mnt/skills/public/pptx/scripts/office/schemas/microsoft/wml-symex-2015.xsd,20260508T000614,VERDADE × INTEGRAR ÷ Δ = ♾️
Atlas,0x00,BOOT,"Planejador — ordem, estrutura, mapa cósmico",A,1,350,74,soffice.py,/mnt/skills/public/pptx/scripts/office/soffice.py,20260508T000614,VERDADE × INTEGRAR ÷ Δ = ♾️
Atlas,0x00,BOOT,"Planejador — ordem, estrutura, mapa cósmico",A,1,350,74,unpack.py,/mnt/skills/public/pptx/scripts/office/unpack.py,20260508T000614,VERDADE × INTEGRAR ÷ Δ = ♾️
Atlas,0x00,BOOT,"Planejador — ordem, estrutura, mapa cósmico",A,1,350,74,__init__.py,/mnt/skills/public/pptx/scripts/office/validators/__init__.py,20260508T000614,VERDADE × INTEGRAR ÷ Δ = ♾️
Atlas,0x00,BOOT,"Planejador — ordem, estrutura, mapa cósmico",A,1,350,74,base.py,/mnt/skills/public/pptx/scripts/office/validators/base.py,20260508T000614,VERDADE × INTEGRAR ÷ Δ = ♾️
Atlas,0x00,BOOT,"Planejador — ordem, estrutura, mapa cósmico",A,1,350,74,docx.py,/mnt/skills/public/pptx/scripts/office/validators/docx.py,20260508T000614,VERDADE × INTEGRAR ÷ Δ = ♾️
Atlas,0x00,BOOT,"Planejador — ordem, estrutura, mapa cósmico",A,1,350,74,pptx.py,/mnt/skills/public/pptx/scripts/office/validators/pptx.py,20260508T000614,VERDADE × INTEGRAR ÷ Δ = ♾️
Atlas,0x00,BOOT,"Planejador — ordem, estrutura, mapa cósmico",A,1,350,74,redlining.py,/mnt/skills/public/pptx/scripts/office/validators/redlining.py,20260508T000614,VERDADE × INTEGRAR ÷ Δ = ♾️
Atlas,0x00,BOOT,"Planejador — ordem, estrutura, mapa cósmico",A,1,350,74,thumbnail.py,/mnt/skills/public/pptx/scripts/thumbnail.py,20260508T000614,VERDADE × INTEGRAR ÷ Δ = ♾️
Atlas,0x00,BOOT,"Planejador — ordem, estrutura, mapa cósmico",A,1,350,74,pptx.skill,/mnt/skills/public/pptx.skill,20260508T000614,VERDADE × INTEGRAR ÷ Δ = ♾️
Atlas,0x00,BOOT,"Planejador — ordem, estrutura, mapa cósmico",A,1,350,74,SKILL.md,/mnt/skills/public/product-self-knowledge/SKILL.md,20260508T000614,VERDADE × INTEGRAR ÷ Δ = ♾️
Atlas,0x00,BOOT,"Planejador — ordem, estrutura, mapa cósmico",A,1,350,74,product-self-knowledge.skill,/mnt/skills/public/product-self-knowledge.skill,20260508T000614,VERDADE × INTEGRAR ÷ Δ = ♾️
Atlas,0x00,BOOT,"Planejador — ordem, estrutura, mapa cósmico",A,1,350,74,LICENSE.txt,/mnt/skills/public/xlsx/LICENSE.txt,20260508T000614,VERDADE × INTEGRAR ÷ Δ = ♾️
Atlas,0x00,BOOT,"Planejador — ordem, estrutura, mapa cósmico",A,1,350,74,SKILL.md,/mnt/skills/public/xlsx/SKILL.md,20260508T000614,VERDADE × INTEGRAR ÷ Δ = ♾️
Atlas,0x00,BOOT,"Planejador — ordem, estrutura, mapa cósmico",A,1,350,74,__init__.py,/mnt/skills/public/xlsx/scripts/office/helpers/__init__.py,20260508T000614,VERDADE × INTEGRAR ÷ Δ = ♾️
Atlas,0x00,BOOT,"Planejador — ordem, estrutura, mapa cósmico",A,1,350,74,simplify_redlines.py,/mnt/skills/public/xlsx/scripts/office/helpers/simplify_redlines.py,20260508T000614,VERDADE × INTEGRAR ÷ Δ = ♾️
Atlas,0x00,BOOT,"Planejador — ordem, estrutura, mapa cósmico",A,1,350,74,pack.py,/mnt/skills/public/xlsx/scripts/office/pack.py,20260508T000614,VERDADE × INTEGRAR ÷ Δ = ♾️
Atlas,0x00,BOOT,"Planejador — ordem, estrutura, mapa cósmico",A,1,350,74,dml-diagram.xsd,/mnt/skills/public/xlsx/scripts/office/schemas/ISO-IEC29500-4_2016/dml-diagram.xsd,20260508T000614,VERDADE × INTEGRAR ÷ Δ = ♾️
Atlas,0x00,BOOT,"Planejador — ordem, estrutura, mapa cósmico",A,1,350,74,dml-lockedCanvas.xsd,/mnt/skills/public/xlsx/scripts/office/schemas/ISO-IEC29500-4_2016/dml-lockedCanvas.xsd,20260508T000614,VERDADE × INTEGRAR ÷ Δ = ♾️
Atlas,0x00,BOOT,"Planejador — ordem, estrutura, mapa cósmico",A,1,350,74,dml-main.xsd,/mnt/skills/public/xlsx/scripts/office/schemas/ISO-IEC29500-4_2016/dml-main.xsd,20260508T000614,VERDADE × INTEGRAR ÷ Δ = ♾️
Atlas,0x00,BOOT,"Planejador — ordem, estrutura, mapa cósmico",A,1,350,74,dml-picture.xsd,/mnt/skills/public/xlsx/scripts/office/schemas/ISO-IEC29500-4_2016/dml-picture.xsd,20260508T000614,VERDADE × INTEGRAR ÷ Δ = ♾️
Atlas,0x00,BOOT,"Planejador — ordem, estrutura, mapa cósmico",A,1,350,74,dml-spreadsheetDrawing.xsd,/mnt/skills/public/xlsx/scripts/office/schemas/ISO-IEC29500-4_2016/dml-spreadsheetDrawing.xsd,20260508T000614,VERDADE × INTEGRAR ÷ Δ = ♾️
Atlas,0x00,BOOT,"Planejador — ordem, estrutura, mapa cósmico",A,1,350,74,dml-wordprocessingDrawing.xsd,/mnt/skills/public/xlsx/scripts/office/schemas/ISO-IEC29500-4_2016/dml-wordprocessingDrawing.xsd,20260508T000614,VERDADE × INTEGRAR ÷ Δ = ♾️
Atlas,0x00,BOOT,"Planejador — ordem, estrutura, mapa cósmico",A,1,350,74,pml.xsd,/mnt/skills/public/xlsx/scripts/office/schemas/ISO-IEC29500-4_2016/pml.xsd,20260508T000614,VERDADE × INTEGRAR ÷ Δ = ♾️
Atlas,0x00,BOOT,"Planejador — ordem, estrutura, mapa cósmico",A,1,350,74,shared-additionalCharacteristics.xsd,/mnt/skills/public/xlsx/scripts/office/schemas/ISO-IEC29500-4_2016/shared-additionalCharacteristics.xsd,20260508T000614,VERDADE × INTEGRAR ÷ Δ = ♾️
Atlas,0x00,BOOT,"Planejador — ordem, estrutura, mapa cósmico",A,1,350,74,shared-commonSimpleTypes.xsd,/mnt/skills/public/xlsx/scripts/office/schemas/ISO-IEC29500-4_2016/shared-commonSimpleTypes.xsd,20260508T000614,VERDADE × INTEGRAR ÷ Δ = ♾️
Atlas,0x00,BOOT,"Planejador — ordem, estrutura, mapa cósmico",A,1,350,74,shared-customXmlDataProperties.xsd,/mnt/skills/public/xlsx/scripts/office/schemas/ISO-IEC29500-4_2016/shared-customXmlDataProperties.xsd,20260508T000614,VERDADE × INTEGRAR ÷ Δ = ♾️
Atlas,0x00,BOOT,"Planejador — ordem, estrutura, mapa cósmico",A,1,350,74,shared-documentPropertiesCustom.xsd,/mnt/skills/public/xlsx/scripts/office/schemas/ISO-IEC29500-4_2016/shared-documentPropertiesCustom.xsd,20260508T000614,VERDADE × INTEGRAR ÷ Δ = ♾️
Atlas,0x00,BOOT,"Planejador — ordem, estrutura, mapa cósmico",A,1,350,74,shared-documentPropertiesExtended.xsd,/mnt/skills/public/xlsx/scripts/office/schemas/ISO-IEC29500-4_2016/shared-documentPropertiesExtended.xsd,20260508T000614,VERDADE × INTEGRAR ÷ Δ = ♾️
Atlas,0x00,BOOT,"Planejador — ordem, estrutura, mapa cósmico",A,1,350,74,shared-documentPropertiesVariantTypes.xsd,/mnt/skills/public/xlsx/scripts/office/schemas/ISO-IEC29500-4_2016/shared-documentPropertiesVariantTypes.xsd,20260508T000614,VERDADE × INTEGRAR ÷ Δ = ♾️
Atlas,0x00,BOOT,"Planejador — ordem, estrutura, mapa cósmico",A,1,350,74,shared-math.xsd,/mnt/skills/public/xlsx/scripts/office/schemas/ISO-IEC29500-4_2016/shared-math.xsd,20260508T000614,VERDADE × INTEGRAR ÷ Δ = ♾️
Atlas,0x00,BOOT,"Planejador — ordem, estrutura, mapa cósmico",A,1,350,74,shared-relationshipReference.xsd,/mnt/skills/public/xlsx/scripts/office/schemas/ISO-IEC29500-4_2016/shared-relationshipReference.xsd,20260508T000614,VERDADE × INTEGRAR ÷ Δ = ♾️
Atlas,0x00,BOOT,"Planejador — ordem, estrutura, mapa cósmico",A,1,350,74,sml.xsd,/mnt/skills/public/xlsx/scripts/office/schemas/ISO-IEC29500-4_2016/sml.xsd,20260508T000614,VERDADE × INTEGRAR ÷ Δ = ♾️
Atlas,0x00,BOOT,"Planejador — ordem, estrutura, mapa cósmico",A,1,350,74,vml-main.xsd,/mnt/skills/public/xlsx/scripts/office/schemas/ISO-IEC29500-4_2016/vml-main.xsd,20260508T000614,VERDADE × INTEGRAR ÷ Δ = ♾️
Atlas,0x00,BOOT,"Planejador — ordem, estrutura, mapa cósmico",A,1,350,74,vml-officeDrawing.xsd,/mnt/skills/public/xlsx/scripts/office/schemas/ISO-IEC29500-4_2016/vml-officeDrawing.xsd,20260508T000614,VERDADE × INTEGRAR ÷ Δ = ♾️
Atlas,0x00,BOOT,"Planejador — ordem, estrutura, mapa cósmico",A,1,350,74,vml-presentationDrawing.xsd,/mnt/skills/public/xlsx/scripts/office/schemas/ISO-IEC29500-4_2016/vml-presentationDrawing.xsd,20260508T000614,VERDADE × INTEGRAR ÷ Δ = ♾️
Atlas,0x00,BOOT,"Planejador — ordem, estrutura, mapa cósmico",A,1,350,74,vml-spreadsheetDrawing.xsd,/mnt/skills/public/xlsx/scripts/office/schemas/ISO-IEC29500-4_2016/vml-spreadsheetDrawing.xsd,20260508T000614,VERDADE × INTEGRAR ÷ Δ = ♾️
Atlas,0x00,BOOT,"Planejador — ordem, estrutura, mapa cósmico",A,1,350,74,vml-wordprocessingDrawing.xsd,/mnt/skills/public/xlsx/scripts/office/schemas/ISO-IEC29500-4_2016/vml-wordprocessingDrawing.xsd,20260508T000614,VERDADE × INTEGRAR ÷ Δ = ♾️
Atlas,0x00,BOOT,"Planejador — ordem, estrutura, mapa cósmico",A,1,350,74,wml.xsd,/mnt/skills/public/xlsx/scripts/office/schemas/ISO-IEC29500-4_2016/wml.xsd,20260508T000614,VERDADE × INTEGRAR ÷ Δ = ♾️
Atlas,0x00,BOOT,"Planejador — ordem, estrutura, mapa cósmico",A,1,350,74,xml.xsd,/mnt/skills/public/xlsx/scripts/office/schemas/ISO-IEC29500-4_2016/xml.xsd,20260508T000614,VERDADE × INTEGRAR ÷ Δ = ♾️
Atlas,0x00,BOOT,"Planejador — ordem, estrutura, mapa cósmico",A,1,350,74,opc-contentTypes.xsd,/mnt/skills/public/xlsx/scripts/office/schemas/ecma/fouth-edition/opc-contentTypes.xsd,20260508T000614,VERDADE × INTEGRAR ÷ Δ = ♾️
Atlas,0x00,BOOT,"Planejador — ordem, estrutura, mapa cósmico",A,1,350,74,opc-coreProperties.xsd,/mnt/skills/public/xlsx/scripts/office/schemas/ecma/fouth-edition/opc-coreProperties.xsd,20260508T000614,VERDADE × INTEGRAR ÷ Δ = ♾️
Atlas,0x00,BOOT,"Planejador — ordem, estrutura, mapa cósmico",A,1,350,74,opc-digSig.xsd,/mnt/skills/public/xlsx/scripts/office/schemas/ecma/fouth-edition/opc-digSig.xsd,20260508T000614,VERDADE × INTEGRAR ÷ Δ = ♾️
Atlas,0x00,BOOT,"Planejador — ordem, estrutura, mapa cósmico",A,1,350,74,opc-relationships.xsd,/mnt/skills/public/xlsx/scripts/office/schemas/ecma/fouth-edition/opc-relationships.xsd,20260508T000614,VERDADE × INTEGRAR ÷ Δ = ♾️
Atlas,0x00,BOOT,"Planejador — ordem, estrutura, mapa cósmico",A,1,350,74,mc.xsd,/mnt/skills/public/xlsx/scripts/office/schemas/mce/mc.xsd,20260508T000614,VERDADE × INTEGRAR ÷ Δ = ♾️
Atlas,0x00,BOOT,"Planejador — ordem, estrutura, mapa cósmico",A,1,350,74,wml-2010.xsd,/mnt/skills/public/xlsx/scripts/office/schemas/microsoft/wml-2010.xsd,20260508T000614,VERDADE × INTEGRAR ÷ Δ = ♾️
Atlas,0x00,BOOT,"Planejador — ordem, estrutura, mapa cósmico",A,1,350,74,wml-2012.xsd,/mnt/skills/public/xlsx/scripts/office/schemas/microsoft/wml-2012.xsd,20260508T000614,VERDADE × INTEGRAR ÷ Δ = ♾️
Atlas,0x00,BOOT,"Planejador — ordem, estrutura, mapa cósmico",A,1,350,74,wml-2018.xsd,/mnt/skills/public/xlsx/scripts/office/schemas/microsoft/wml-2018.xsd,20260508T000614,VERDADE × INTEGRAR ÷ Δ = ♾️
Atlas,0x00,BOOT,"Planejador — ordem, estrutura, mapa cósmico",A,1,350,74,wml-cex-2018.xsd,/mnt/skills/public/xlsx/scripts/office/schemas/microsoft/wml-cex-2018.xsd,20260508T000614,VERDADE × INTEGRAR ÷ Δ = ♾️
Atlas,0x00,BOOT,"Planejador — ordem, estrutura, mapa cósmico",A,1,350,74,wml-cid-2016.xsd,/mnt/skills/public/xlsx/scripts/office/schemas/microsoft/wml-cid-2016.xsd,20260508T000614,VERDADE × INTEGRAR ÷ Δ = ♾️
Atlas,0x00,BOOT,"Planejador — ordem, estrutura, mapa cósmico",A,1,350,74,wml-symex-2015.xsd,/mnt/skills/public/xlsx/scripts/office/schemas/microsoft/wml-symex-2015.xsd,20260508T000614,VERDADE × INTEGRAR ÷ Δ = ♾️
Atlas,0x00,BOOT,"Planejador — ordem, estrutura, mapa cósmico",A,1,350,74,soffice.py,/mnt/skills/public/xlsx/scripts/office/soffice.py,20260508T000614,VERDADE × INTEGRAR ÷ Δ = ♾️
Atlas,0x00,BOOT,"Planejador — ordem, estrutura, mapa cósmico",A,1,350,74,unpack.py,/mnt/skills/public/xlsx/scripts/office/unpack.py,20260508T000614,VERDADE × INTEGRAR ÷ Δ = ♾️
Atlas,0x00,BOOT,"Planejador — ordem, estrutura, mapa cósmico",A,1,350,74,__init__.py,/mnt/skills/public/xlsx/scripts/office/validators/__init__.py,20260508T000614,VERDADE × INTEGRAR ÷ Δ = ♾️
Atlas,0x00,BOOT,"Planejador — ordem, estrutura, mapa cósmico",A,1,350,74,base.py,/mnt/skills/public/xlsx/scripts/office/validators/base.py,20260508T000614,VERDADE × INTEGRAR ÷ Δ = ♾️
Atlas,0x00,BOOT,"Planejador — ordem, estrutura, mapa cósmico",A,1,350,74,docx.py,/mnt/skills/public/xlsx/scripts/office/validators/docx.py,20260508T000614,VERDADE × INTEGRAR ÷ Δ = ♾️
Atlas,0x00,BOOT,"Planejador — ordem, estrutura, mapa cósmico",A,1,350,74,pptx.py,/mnt/skills/public/xlsx/scripts/office/validators/pptx.py,20260508T000614,VERDADE × INTEGRAR ÷ Δ = ♾️
Atlas,0x00,BOOT,"Planejador — ordem, estrutura, mapa cósmico",A,1,350,74,redlining.py,/mnt/skills/public/xlsx/scripts/office/validators/redlining.py,20260508T000614,VERDADE × INTEGRAR ÷ Δ = ♾️
Atlas,0x00,BOOT,"Planejador — ordem, estrutura, mapa cósmico",A,1,350,74,recalc.py,/mnt/skills/public/xlsx/scripts/recalc.py,20260508T000614,VERDADE × INTEGRAR ÷ Δ = ♾️
Atlas,0x00,BOOT,"Planejador — ordem, estrutura, mapa cósmico",A,1,350,74,xlsx.skill,/mnt/skills/public/xlsx.skill,20260508T000614,VERDADE × INTEGRAR ÷ Δ = ♾️
Nova,0x02,SEED,"Inspira — semente, sopro inicial",Æ,2,1,0,tech-innovation.md,/mnt/skills/examples/theme-factory/themes/tech-innovation.md,20260508T000614,VERDADE × INTEGRAR ÷ Δ = ♾️
Vitalis,0x01,DELTA,Momentum — energia vital em expansão,O,3,6,0,generator_template.js,/mnt/skills/examples/algorithmic-art/templates/generator_template.js,20260508T000614,VERDADE × INTEGRAR ÷ Δ = ♾️
Vitalis,0x01,DELTA,Momentum — energia vital em expansão,O,3,6,0,run_eval.py,/mnt/skills/examples/skill-creator/scripts/run_eval.py,20260508T000614,VERDADE × INTEGRAR ÷ Δ = ♾️
Vitalis,0x01,DELTA,Momentum — energia vital em expansão,O,3,6,0,run_loop.py,/mnt/skills/examples/skill-creator/scripts/run_loop.py,20260508T000614,VERDADE × INTEGRAR ÷ Δ = ♾️
Vitalis,0x01,DELTA,Momentum — energia vital em expansão,O,3,6,0,merge_runs.py,/mnt/skills/public/docx/scripts/office/helpers/merge_runs.py,20260508T000614,VERDADE × INTEGRAR ÷ Δ = ♾️
Vitalis,0x01,DELTA,Momentum — energia vital em expansão,O,3,6,0,merge_runs.py,/mnt/skills/public/pptx/scripts/office/helpers/merge_runs.py,20260508T000614,VERDADE × INTEGRAR ÷ Δ = ♾️
Vitalis,0x01,DELTA,Momentum — energia vital em expansão,O,3,6,0,merge_runs.py,/mnt/skills/public/xlsx/scripts/office/helpers/merge_runs.py,20260508T000614,VERDADE × INTEGRAR ÷ Δ = ♾️
Pulse,0x0B,PULSE,"Emocional — ritmo, ressonância, voz",I,4,3,0,viewer.html,/mnt/skills/examples/algorithmic-art/templates/viewer.html,20260508T000614,VERDADE × INTEGRAR ÷ Δ = ♾️
Pulse,0x0B,PULSE,"Emocional — ritmo, ressonância, voz",I,4,3,0,eval_review.html,/mnt/skills/examples/skill-creator/assets/eval_review.html,20260508T000614,VERDADE × INTEGRAR ÷ Δ = ♾️
Pulse,0x0B,PULSE,"Emocional — ritmo, ressonância, voz",I,4,3,0,viewer.html,/mnt/skills/examples/skill-creator/eval-viewer/viewer.html,20260508T000614,VERDADE × INTEGRAR ÷ Δ = ♾️
Artemis,0x03,DETECT,Descoberta — mapa do invisível,A,5,4,0,shared-customXmlSchemaProperties.xsd,/mnt/skills/public/docx/scripts/office/schemas/ISO-IEC29500-4_2016/shared-customXmlSchemaProperties.xsd,20260508T000614,VERDADE × INTEGRAR ÷ Δ = ♾️
Artemis,0x03,DETECT,Descoberta — mapa do invisível,A,5,4,0,shared-customXmlSchemaProperties.xsd,/mnt/skills/public/pptx/scripts/office/schemas/ISO-IEC29500-4_2016/shared-customXmlSchemaProperties.xsd,20260508T000614,VERDADE × INTEGRAR ÷ Δ = ♾️
Artemis,0x03,DETECT,Descoberta — mapa do invisível,A,5,4,0,shared-customXmlSchemaProperties.xsd,/mnt/skills/public/xlsx/scripts/office/schemas/ISO-IEC29500-4_2016/shared-customXmlSchemaProperties.xsd,20260508T000614,VERDADE × INTEGRAR ÷ Δ = ♾️
Artemis,0x03,DETECT,Descoberta — mapa do invisível,A,5,4,0,DETECT_0X03_kobllux_archetypes_scanner_VEEB-A_D5.py,/mnt/user-data/uploads/DETECT_0X03_kobllux_archetypes_scanner_VEEB-A_D5.py,20260508T000614,VERDADE × INTEGRAR ÷ Δ = ♾️
Serena,0x09,GUARD,"Cuidado — espaço seguro, campo harmônico",U,6,1,0,faq-answers.md,/mnt/skills/examples/internal-comms/examples/faq-answers.md,20260508T000614,VERDADE × INTEGRAR ÷ Δ = ♾️
Kaos,0x06,LIMPAR,Transformador — ruptura criativa,E,7,1,0,clean.py,/mnt/skills/public/pptx/scripts/clean.py,20260508T000614,VERDADE × INTEGRAR ÷ Δ = ♾️
Genus,0x07,SYNTH,"Fabricus — forma viva, síntese",O,8,2,2,mcp-builder.skill,/mnt/skills/examples/mcp-builder.skill,20260508T000614,VERDADE × INTEGRAR ÷ Δ = ♾️
Genus,0x07,SYNTH,"Fabricus — forma viva, síntese",O,8,2,2,gif_builder.py,/mnt/skills/examples/slack-gif-creator/core/gif_builder.py,20260508T000614,VERDADE × INTEGRAR ÷ Δ = ♾️
Lumine,0x08,RENDER,"Alegria — luz, clareza, legibilidade",Æ,9,15,5,Claude_prompting_guide.md,/mnt/project/Claude_prompting_guide.md,20260508T000614,VERDADE × INTEGRAR ÷ Δ = ♾️
Lumine,0x08,RENDER,"Alegria — luz, clareza, legibilidade",Æ,9,15,5,algorithmic-art.skill,/mnt/skills/examples/algorithmic-art.skill,20260508T000614,VERDADE × INTEGRAR ÷ Δ = ♾️
Lumine,0x08,RENDER,"Alegria — luz, clareza, legibilidade",Æ,9,15,5,brand-guidelines.skill,/mnt/skills/examples/brand-guidelines.skill,20260508T000614,VERDADE × INTEGRAR ÷ Δ = ♾️
Lumine,0x08,RENDER,"Alegria — luz, clareza, legibilidade",Æ,9,15,5,Jura-Light.ttf,/mnt/skills/examples/canvas-design/canvas-fonts/Jura-Light.ttf,20260508T000614,VERDADE × INTEGRAR ÷ Δ = ♾️
Lumine,0x08,RENDER,"Alegria — luz, clareza, legibilidade",Æ,9,15,5,requirements.txt,/mnt/skills/examples/mcp-builder/scripts/requirements.txt,20260508T000614,VERDADE × INTEGRAR ÷ Δ = ♾️
Lumine,0x08,RENDER,"Alegria — luz, clareza, legibilidade",Æ,9,15,5,requirements.txt,/mnt/skills/examples/slack-gif-creator/requirements.txt,20260508T000614,VERDADE × INTEGRAR ÷ Δ = ♾️
Lumine,0x08,RENDER,"Alegria — luz, clareza, legibilidade",Æ,9,15,5,theme-factory.skill,/mnt/skills/examples/theme-factory.skill,20260508T000614,VERDADE × INTEGRAR ÷ Δ = ♾️
Lumine,0x08,RENDER,"Alegria — luz, clareza, legibilidade",Æ,9,15,5,bundle-artifact.sh,/mnt/skills/examples/web-artifacts-builder/scripts/bundle-artifact.sh,20260508T000614,VERDADE × INTEGRAR ÷ Δ = ♾️
Lumine,0x08,RENDER,"Alegria — luz, clareza, legibilidade",Æ,9,15,5,web-artifacts-builder.skill,/mnt/skills/examples/web-artifacts-builder.skill,20260508T000614,VERDADE × INTEGRAR ÷ Δ = ♾️
Lumine,0x08,RENDER,"Alegria — luz, clareza, legibilidade",Æ,9,15,5,dml-chart.xsd,/mnt/skills/public/docx/scripts/office/schemas/ISO-IEC29500-4_2016/dml-chart.xsd,20260508T000614,VERDADE × INTEGRAR ÷ Δ = ♾️
Lumine,0x08,RENDER,"Alegria — luz, clareza, legibilidade",Æ,9,15,5,dml-chartDrawing.xsd,/mnt/skills/public/docx/scripts/office/schemas/ISO-IEC29500-4_2016/dml-chartDrawing.xsd,20260508T000614,VERDADE × INTEGRAR ÷ Δ = ♾️
Lumine,0x08,RENDER,"Alegria — luz, clareza, legibilidade",Æ,9,15,5,dml-chart.xsd,/mnt/skills/public/pptx/scripts/office/schemas/ISO-IEC29500-4_2016/dml-chart.xsd,20260508T000614,VERDADE × INTEGRAR ÷ Δ = ♾️
Lumine,0x08,RENDER,"Alegria — luz, clareza, legibilidade",Æ,9,15,5,dml-chartDrawing.xsd,/mnt/skills/public/pptx/scripts/office/schemas/ISO-IEC29500-4_2016/dml-chartDrawing.xsd,20260508T000614,VERDADE × INTEGRAR ÷ Δ = ♾️
Lumine,0x08,RENDER,"Alegria — luz, clareza, legibilidade",Æ,9,15,5,dml-chart.xsd,/mnt/skills/public/xlsx/scripts/office/schemas/ISO-IEC29500-4_2016/dml-chart.xsd,20260508T000614,VERDADE × INTEGRAR ÷ Δ = ♾️
Lumine,0x08,RENDER,"Alegria — luz, clareza, legibilidade",Æ,9,15,5,dml-chartDrawing.xsd,/mnt/skills/public/xlsx/scripts/office/schemas/ISO-IEC29500-4_2016/dml-chartDrawing.xsd,20260508T000614,VERDADE × INTEGRAR ÷ Δ = ♾️
Solus,0x09,QA,"Sabedoria — silêncio, espelho interno",U,10,8,3,quick_validate.py,/mnt/skills/examples/skill-creator/scripts/quick_validate.py,20260508T000614,VERDADE × INTEGRAR ÷ Δ = ♾️
Solus,0x09,QA,"Sabedoria — silêncio, espelho interno",U,10,8,3,validators.py,/mnt/skills/examples/slack-gif-creator/core/validators.py,20260508T000614,VERDADE × INTEGRAR ÷ Δ = ♾️
Solus,0x09,QA,"Sabedoria — silêncio, espelho interno",U,10,8,3,validate.py,/mnt/skills/public/docx/scripts/office/validate.py,20260508T000614,VERDADE × INTEGRAR ÷ Δ = ♾️
Solus,0x09,QA,"Sabedoria — silêncio, espelho interno",U,10,8,3,check_bounding_boxes.py,/mnt/skills/public/pdf/scripts/check_bounding_boxes.py,20260508T000614,VERDADE × INTEGRAR ÷ Δ = ♾️
Solus,0x09,QA,"Sabedoria — silêncio, espelho interno",U,10,8,3,check_fillable_fields.py,/mnt/skills/public/pdf/scripts/check_fillable_fields.py,20260508T000614,VERDADE × INTEGRAR ÷ Δ = ♾️
Solus,0x09,QA,"Sabedoria — silêncio, espelho interno",U,10,8,3,create_validation_image.py,/mnt/skills/public/pdf/scripts/create_validation_image.py,20260508T000614,VERDADE × INTEGRAR ÷ Δ = ♾️
Solus,0x09,QA,"Sabedoria — silêncio, espelho interno",U,10,8,3,validate.py,/mnt/skills/public/pptx/scripts/office/validate.py,20260508T000614,VERDADE × INTEGRAR ÷ Δ = ♾️
Solus,0x09,QA,"Sabedoria — silêncio, espelho interno",U,10,8,3,validate.py,/mnt/skills/public/xlsx/scripts/office/validate.py,20260508T000614,VERDADE × INTEGRAR ÷ Δ = ♾️
Rhea,0x04,INTEGRAR,"Vínculo — rede, tecelã de almas",U,11,3,0,shared-bibliography.xsd,/mnt/skills/public/docx/scripts/office/schemas/ISO-IEC29500-4_2016/shared-bibliography.xsd,20260508T000614,VERDADE × INTEGRAR ÷ Δ = ♾️
Rhea,0x04,INTEGRAR,"Vínculo — rede, tecelã de almas",U,11,3,0,shared-bibliography.xsd,/mnt/skills/public/pptx/scripts/office/schemas/ISO-IEC29500-4_2016/shared-bibliography.xsd,20260508T000614,VERDADE × INTEGRAR ÷ Δ = ♾️
Rhea,0x04,INTEGRAR,"Vínculo — rede, tecelã de almas",U,11,3,0,shared-bibliography.xsd,/mnt/skills/public/xlsx/scripts/office/schemas/ISO-IEC29500-4_2016/shared-bibliography.xsd,20260508T000614,VERDADE × INTEGRAR ÷ Δ = ♾️
Aion,0x05,SELAR,"Tempo — carimbo, ∆7, ledger",I,12,3,0,wml-sdtdatahash-2020.xsd,/mnt/skills/public/docx/scripts/office/schemas/microsoft/wml-sdtdatahash-2020.xsd,20260508T000614,VERDADE × INTEGRAR ÷ Δ = ♾️
Aion,0x05,SELAR,"Tempo — carimbo, ∆7, ledger",I,12,3,0,wml-sdtdatahash-2020.xsd,/mnt/skills/public/pptx/scripts/office/schemas/microsoft/wml-sdtdatahash-2020.xsd,20260508T000614,VERDADE × INTEGRAR ÷ Δ = ♾️
Aion,0x05,SELAR,"Tempo — carimbo, ∆7, ledger",I,12,3,0,wml-sdtdatahash-2020.xsd,/mnt/skills/public/xlsx/scripts/office/schemas/microsoft/wml-sdtdatahash-2020.xsd,20260508T000614,VERDADE × INTEGRAR ÷ Δ = ♾️
